-- phpMyAdmin SQL Dump
-- version 5.2.1
-- https://www.phpmyadmin.net/
--
-- Host: 127.0.0.1
-- Generation Time: Apr 13, 2024 at 11:46 PM
-- Server version: 10.4.32-MariaDB
-- PHP Version: 8.0.30

SET SQL_MODE = "NO_AUTO_VALUE_ON_ZERO";
START TRANSACTION;
SET time_zone = "+00:00";


/*!40101 SET @OLD_CHARACTER_SET_CLIENT=@@CHARACTER_SET_CLIENT */;
/*!40101 SET @OLD_CHARACTER_SET_RESULTS=@@CHARACTER_SET_RESULTS */;
/*!40101 SET @OLD_COLLATION_CONNECTION=@@COLLATION_CONNECTION */;
/*!40101 SET NAMES utf8mb4 */;

--
-- Database: `social_media`
--
DROP DATABASE IF EXISTS social_media;
CREATE Database social_media;
use social_media; 


DELIMITER $$
--
-- Procedures
--
CREATE DEFINER=`root`@`localhost` PROCEDURE `delete_inactive_users` (IN `daysInactive` INT)   BEGIN
    DELETE FROM users WHERE last_login_time < NOW() - INTERVAL daysInactive DAY;
END$$

CREATE DEFINER=`root`@`localhost` PROCEDURE `get_user_info` (IN `userId` INT)   BEGIN
    SELECT * FROM users WHERE user_id = userId;
END$$

--
-- Functions
--
CREATE DEFINER=`root`@`localhost` FUNCTION `avg_post_likes` () RETURNS DECIMAL(10,0) READS SQL DATA DETERMINISTIC 
BEGIN
    DECLARE avg_likes DECIMAL;
    SELECT AVG(post_likes) INTO avg_likes FROM (SELECT COUNT(*) AS post_likes FROM post_likes GROUP BY post_id) AS temp;
    RETURN avg_likes;
END$$

DELIMITER ;

-- --------------------------------------------------------

--
-- Table structure for table `bookmarks`
--

CREATE TABLE `bookmarks` (
  `post_id` int(11) NOT NULL,
  `user_id` int(11) NOT NULL,
  `created_at` timestamp NOT NULL DEFAULT current_timestamp()
) ENGINE=InnoDB DEFAULT CHARSET=utf8mb4 COLLATE=utf8mb4_general_ci;

--
-- Dumping data for table `bookmarks`
--

INSERT INTO `bookmarks` (`post_id`, `user_id`, `created_at`) VALUES
(18, 1, '2024-04-13 17:03:09'),
(45, 1, '2024-04-13 17:03:10'),
(47, 1, '2024-04-13 17:03:10'),
(6, 2, '2024-04-13 17:03:10'),
(25, 2, '2024-04-13 17:03:10'),
(37, 2, '2024-04-13 17:03:10'),
(47, 2, '2024-04-13 17:03:10'),
(69, 2, '2024-04-13 17:03:10'),
(73, 2, '2024-04-13 17:03:10'),
(77, 2, '2024-04-13 17:03:09'),
(82, 2, '2024-04-13 17:03:09'),
(96, 2, '2024-04-13 17:03:09'),
(9, 3, '2024-04-13 17:03:10'),
(25, 3, '2024-04-13 17:03:10'),
(26, 3, '2024-04-13 17:03:10'),
(47, 3, '2024-04-13 17:03:09'),
(54, 3, '2024-04-13 17:03:09'),
(59, 3, '2024-04-13 17:03:10'),
(66, 3, '2024-04-13 17:03:10'),
(83, 4, '2024-04-13 17:03:10'),
(95, 4, '2024-04-13 17:03:09'),
(29, 5, '2024-04-13 17:03:09'),
(31, 5, '2024-04-13 17:03:09'),
(71, 5, '2024-04-13 17:03:09'),
(5, 6, '2024-04-13 17:03:09'),
(8, 6, '2024-04-13 17:03:09'),
(17, 6, '2024-04-13 17:03:10'),
(29, 6, '2024-04-13 17:03:10'),
(49, 6, '2024-04-13 17:03:10'),
(50, 6, '2024-04-13 17:03:09'),
(52, 6, '2024-04-13 17:03:09'),
(59, 6, '2024-04-13 17:03:09'),
(53, 7, '2024-04-13 17:03:09'),
(56, 7, '2024-04-13 17:03:09'),
(74, 7, '2024-04-13 17:03:09'),
(80, 7, '2024-04-13 17:03:09'),
(83, 7, '2024-04-13 17:03:10'),
(1, 8, '2024-04-13 17:03:09'),
(2, 8, '2024-04-13 17:03:09'),
(16, 8, '2024-04-13 17:03:10'),
(38, 8, '2024-04-13 17:03:09'),
(85, 8, '2024-04-13 17:03:09'),
(94, 8, '2024-04-13 17:03:10'),
(96, 8, '2024-04-13 17:03:10'),
(7, 9, '2024-04-13 17:03:10'),
(45, 9, '2024-04-13 17:03:10'),
(58, 9, '2024-04-13 17:03:09'),
(67, 9, '2024-04-13 17:03:09'),
(68, 9, '2024-04-13 17:03:09'),
(77, 10, '2024-04-13 17:03:10'),
(85, 10, '2024-04-13 17:03:09'),
(99, 10, '2024-04-13 17:03:10'),
(17, 11, '2024-04-13 17:03:09'),
(34, 11, '2024-04-13 17:03:09'),
(52, 11, '2024-04-13 17:03:09'),
(26, 12, '2024-04-13 17:03:09'),
(37, 12, '2024-04-13 17:03:10'),
(56, 12, '2024-04-13 17:03:09'),
(61, 12, '2024-04-13 17:03:10'),
(20, 13, '2024-04-13 17:03:09'),
(21, 13, '2024-04-13 17:03:09'),
(49, 13, '2024-04-13 17:03:09'),
(51, 13, '2024-04-13 17:03:10'),
(84, 14, '2024-04-13 17:03:10'),
(99, 14, '2024-04-13 17:03:09'),
(4, 17, '2024-04-13 17:03:10'),
(44, 17, '2024-04-13 17:03:09'),
(100, 17, '2024-04-13 17:03:10'),
(45, 18, '2024-04-13 17:03:09'),
(12, 19, '2024-04-13 17:03:10'),
(31, 19, '2024-04-13 17:03:10'),
(86, 19, '2024-04-13 17:03:10'),
(49, 20, '2024-04-13 17:03:09'),
(84, 20, '2024-04-13 17:03:10'),
(98, 20, '2024-04-13 17:03:10'),
(3, 21, '2024-04-13 17:03:10'),
(10, 21, '2024-04-13 17:03:09'),
(59, 21, '2024-04-13 17:03:10'),
(62, 21, '2024-04-13 17:03:10'),
(79, 21, '2024-04-13 17:03:10'),
(13, 22, '2024-04-13 17:03:09'),
(59, 22, '2024-04-13 17:03:10'),
(76, 22, '2024-04-13 17:03:09'),
(89, 22, '2024-04-13 17:03:10'),
(91, 22, '2024-04-13 17:03:09'),
(100, 22, '2024-04-13 17:03:09'),
(9, 23, '2024-04-13 17:03:10'),
(53, 23, '2024-04-13 17:03:09'),
(54, 23, '2024-04-13 17:03:09'),
(24, 24, '2024-04-13 17:03:09'),
(16, 25, '2024-04-13 17:03:09'),
(18, 25, '2024-04-13 17:03:09'),
(22, 25, '2024-04-13 17:03:10'),
(5, 26, '2024-04-13 17:03:09'),
(2, 27, '2024-04-13 17:03:10'),
(62, 27, '2024-04-13 17:03:09'),
(64, 27, '2024-04-13 17:03:10'),
(71, 27, '2024-04-13 17:03:10'),
(80, 27, '2024-04-13 17:03:09'),
(86, 27, '2024-04-13 17:03:10'),
(43, 28, '2024-04-13 17:03:09'),
(63, 28, '2024-04-13 17:03:09'),
(19, 30, '2024-04-13 17:03:09'),
(41, 30, '2024-04-13 17:03:09'),
(58, 30, '2024-04-13 17:03:10'),
(59, 30, '2024-04-13 17:03:09'),
(68, 30, '2024-04-13 17:03:09'),
(78, 30, '2024-04-13 17:03:10'),
(56, 31, '2024-04-13 17:03:09'),
(69, 31, '2024-04-13 17:03:09'),
(89, 31, '2024-04-13 17:03:09'),
(90, 31, '2024-04-13 17:03:09'),
(29, 32, '2024-04-13 17:03:09'),
(91, 32, '2024-04-13 17:03:09'),
(4, 33, '2024-04-13 17:03:09'),
(31, 33, '2024-04-13 17:03:09'),
(35, 33, '2024-04-13 17:03:09'),
(56, 33, '2024-04-13 17:03:10'),
(58, 33, '2024-04-13 17:03:10'),
(62, 33, '2024-04-13 17:03:10'),
(19, 34, '2024-04-13 17:03:10'),
(21, 34, '2024-04-13 17:03:09'),
(41, 34, '2024-04-13 17:03:09'),
(51, 34, '2024-04-13 17:03:10'),
(12, 35, '2024-04-13 17:03:10'),
(23, 35, '2024-04-13 17:03:09'),
(29, 35, '2024-04-13 17:03:09'),
(32, 35, '2024-04-13 17:03:10'),
(48, 35, '2024-04-13 17:03:09'),
(62, 35, '2024-04-13 17:03:09'),
(65, 35, '2024-04-13 17:03:10'),
(16, 36, '2024-04-13 17:03:09'),
(25, 36, '2024-04-13 17:03:09'),
(14, 37, '2024-04-13 17:03:10'),
(45, 37, '2024-04-13 17:03:10'),
(74, 37, '2024-04-13 17:03:10'),
(95, 37, '2024-04-13 17:03:09'),
(20, 38, '2024-04-13 17:03:10'),
(30, 38, '2024-04-13 17:03:10'),
(31, 38, '2024-04-13 17:03:10'),
(32, 38, '2024-04-13 17:03:09'),
(95, 38, '2024-04-13 17:03:10'),
(57, 39, '2024-04-13 17:03:10'),
(78, 39, '2024-04-13 17:03:10'),
(95, 39, '2024-04-13 17:03:09'),
(16, 40, '2024-04-13 17:03:10'),
(66, 40, '2024-04-13 17:03:10'),
(74, 40, '2024-04-13 17:03:09'),
(77, 40, '2024-04-13 17:03:09'),
(80, 40, '2024-04-13 17:03:09'),
(92, 40, '2024-04-13 17:03:09'),
(96, 40, '2024-04-13 17:03:10'),
(10, 41, '2024-04-13 17:03:09'),
(33, 41, '2024-04-13 17:03:09'),
(6, 42, '2024-04-13 17:03:09'),
(26, 42, '2024-04-13 17:03:10'),
(39, 42, '2024-04-13 17:03:09'),
(66, 42, '2024-04-13 17:03:09'),
(71, 42, '2024-04-13 17:03:10'),
(3, 43, '2024-04-13 17:03:10'),
(23, 43, '2024-04-13 17:03:09'),
(24, 43, '2024-04-13 17:03:10'),
(39, 43, '2024-04-13 17:03:09'),
(72, 43, '2024-04-13 17:03:10'),
(88, 43, '2024-04-13 17:03:09'),
(66, 44, '2024-04-13 17:03:10'),
(67, 45, '2024-04-13 17:03:09'),
(89, 45, '2024-04-13 17:03:10'),
(99, 45, '2024-04-13 17:03:10'),
(41, 46, '2024-04-13 17:03:10'),
(42, 46, '2024-04-13 17:03:09'),
(62, 46, '2024-04-13 17:03:09'),
(64, 46, '2024-04-13 17:03:09'),
(88, 46, '2024-04-13 17:03:10'),
(94, 46, '2024-04-13 17:03:10'),
(16, 47, '2024-04-13 17:03:10'),
(35, 47, '2024-04-13 17:03:10'),
(67, 47, '2024-04-13 17:03:10'),
(72, 47, '2024-04-13 17:03:10'),
(95, 47, '2024-04-13 17:03:09'),
(65, 48, '2024-04-13 17:03:09'),
(6, 49, '2024-04-13 17:03:09'),
(57, 49, '2024-04-13 17:03:10'),
(63, 49, '2024-04-13 17:03:09'),
(76, 49, '2024-04-13 17:03:10'),
(77, 49, '2024-04-13 17:03:10'),
(3, 50, '2024-04-13 17:03:10'),
(14, 50, '2024-04-13 17:03:09'),
(17, 50, '2024-04-13 17:03:09'),
(38, 50, '2024-04-13 17:03:10'),
(57, 50, '2024-04-13 17:03:09'),
(58, 50, '2024-04-13 17:03:09'),
(77, 50, '2024-04-13 17:03:10'),
(98, 50, '2024-04-13 17:03:09');

-- --------------------------------------------------------

--
-- Table structure for table `comments`
--

CREATE TABLE `comments` (
  `comment_id` int(11) NOT NULL,
  `comment_text` varchar(255) NOT NULL,
  `post_id` int(11) NOT NULL,
  `user_id` int(11) NOT NULL,
  `created_at` timestamp NOT NULL DEFAULT current_timestamp()
) ENGINE=InnoDB DEFAULT CHARSET=utf8mb4 COLLATE=utf8mb4_general_ci;

--
-- Dumping data for table `comments`
--

INSERT INTO `comments` (`comment_id`, `comment_text`, `post_id`, `user_id`, `created_at`) VALUES
(1, 'great man', 26, 6, '2024-04-13 17:03:10'),
(2, 'looking greate bhai', 12, 17, '2024-04-13 17:03:10'),
(3, 'nice place keep enjoying', 29, 15, '2024-04-13 17:03:10'),
(4, 'great bhai meetu soon ', 49, 21, '2024-04-13 17:03:10'),
(5, 'aag lga di bhai', 37, 34, '2024-04-13 17:03:10'),
(6, 'briallant keep working', 3, 34, '2024-04-13 17:03:10'),
(7, 'soon will join you all', 86, 21, '2024-04-13 17:03:10'),
(8, 'nice man !! loved it', 81, 28, '2024-04-13 17:03:10'),
(9, 'bawnadar aayega abb ', 83, 48, '2024-04-13 17:03:10'),
(10, 'boht tezz ho rhe ho ', 38, 23, '2024-04-13 17:03:10'),
(11, 'bade acche ho beta', 92, 27, '2024-04-13 17:03:10'),
(12, 'rakh neeche rakh teri toh', 83, 7, '2024-04-13 17:03:10'),
(13, 'kaise ho bro', 5, 50, '2024-04-13 17:03:10'),
(14, 'aag lga di h bss fire extinguisher bulana pdega', 42, 4, '2024-04-13 17:03:10'),
(15, 'ek kahani h jo sabko sunnani h jakne wako ki toh rooh bhi jaalani h', 59, 25, '2024-04-13 17:03:10'),
(16, 'mast h bhai , mill tabb btata hu kon mast h ', 62, 31, '2024-04-13 17:03:10'),
(17, 'sahi lgg rha h bss ', 27, 8, '2024-04-13 17:03:10'),
(18, 'I think this is the best I’ve seen till now.', 83, 36, '2024-04-13 17:03:10'),
(19, ' Not enough for me, you are everything.', 34, 13, '2024-04-13 17:03:10'),
(20, ' Just when I couldn’t love you more. You posted this pic and my jaw dropped to the floor.', 81, 46, '2024-04-13 17:03:10'),
(21, 'You are a symbol of beauty.', 77, 38, '2024-04-13 17:03:10'),
(22, ' Surely you are the most beautiful woman alive, the most that I’ve seen.', 96, 19, '2024-04-13 17:03:10'),
(23, 'You mean the world to me.', 58, 10, '2024-04-13 17:03:10'),
(24, 'The word pretty is worthless without you.', 64, 44, '2024-04-13 17:03:10'),
(25, 'You are the definition of Beauty', 81, 4, '2024-04-13 17:03:10'),
(26, 'Flawless outstanding eccentric lovely beauty.', 36, 20, '2024-04-13 17:03:10'),
(27, 'The stars, the moon, and the sun are minor to me since you sparkle brighter than all of them.', 45, 25, '2024-04-13 17:03:10'),
(28, 'You are graceful.', 21, 47, '2024-04-13 17:03:10'),
(29, ' Surely you would have been arrested if looking immensely beautiful was a crime.', 3, 46, '2024-04-13 17:03:10'),
(30, 'You’re an incredibly stunning, a really pretty, beautiful woman.', 51, 39, '2024-04-13 17:03:10'),
(31, ' I guess this is your best look, you look beautiful in this outfit.', 37, 47, '2024-04-13 17:03:10'),
(32, 'You look mesmerizing.', 68, 22, '2024-04-13 17:03:10'),
(33, 'I wonder how cute you would be looking when you sleep.', 6, 35, '2024-04-13 17:03:10'),
(34, 'You are so much lovely.', 29, 47, '2024-04-13 17:03:10'),
(35, 'I love your curly hair.', 2, 14, '2024-04-13 17:03:10'),
(36, 'Your dressing sense is appreciable.', 39, 41, '2024-04-13 17:03:10'),
(37, ' You are the sweetest girl I have ever seen.', 40, 33, '2024-04-13 17:03:10'),
(38, '. I love that straight hair of yours.', 79, 29, '2024-04-13 17:03:10'),
(39, 'You are pleasing.', 45, 35, '2024-04-13 17:03:10'),
(40, 'Just ‘WOW’ for your natural beauty.', 41, 33, '2024-04-13 17:03:10'),
(41, 'You are cute.', 18, 49, '2024-04-13 17:03:10'),
(42, 'I love how comfortable you are in your world.', 45, 14, '2024-04-13 17:03:10'),
(43, 'You are very much adorable.', 39, 5, '2024-04-13 17:03:10'),
(44, 'You look even more pretty without makeup.', 47, 45, '2024-04-13 17:03:10'),
(45, 'I feel so happy to be with you.', 85, 13, '2024-04-13 17:03:10'),
(46, 'You are my safest place.', 51, 35, '2024-04-13 17:03:10'),
(47, 'You look beautiful in that dress.', 99, 15, '2024-04-13 17:03:10'),
(48, '. I wish I had your makeup.', 5, 23, '2024-04-13 17:03:10'),
(49, 'You are stunning.', 78, 14, '2024-04-13 17:03:10'),
(50, '. That natural beauty tho.', 25, 14, '2024-04-13 17:03:10'),
(51, 'You have the most beautiful, sparkling eyes.', 86, 46, '2024-04-13 17:03:10'),
(52, 'You have the most beautiful smile.', 70, 10, '2024-04-13 17:03:10'),
(53, '. Your sense of fashion is great.', 70, 22, '2024-04-13 17:03:10'),
(54, ' I like your hair.', 25, 32, '2024-04-13 17:03:10'),
(55, '. You look more beautiful than in the photo.', 24, 25, '2024-04-13 17:03:10'),
(56, ' You look stunning.', 94, 15, '2024-04-13 17:03:10'),
(57, 'You’re classy.', 89, 34, '2024-04-13 17:03:10'),
(58, ' You’re very trendy', 100, 1, '2024-04-13 17:03:10'),
(59, 'Landscape/Scenery:', 75, 40, '2024-04-13 17:03:10'),
(60, 'Great shot!', 82, 29, '2024-04-13 17:03:10'),
(61, 'Nice shot!!', 93, 6, '2024-04-13 17:03:10'),
(62, 'Love the view.', 74, 31, '2024-04-13 17:03:10'),
(63, 'Did you have fun up there?', 46, 11, '2024-04-13 17:03:10'),
(64, 'Selfie/picture of themselves:', 13, 25, '2024-04-13 17:03:10'),
(65, 'Looking good!', 31, 7, '2024-04-13 17:03:10'),
(66, 'Pretty/beautiful!', 57, 44, '2024-04-13 17:03:10'),
(67, 'Handsome!', 58, 39, '2024-04-13 17:03:10'),
(68, 'OH MAH GOSH!!', 35, 7, '2024-04-13 17:03:10'),
(69, '?????? (three heart-eyed emojis)', 20, 43, '2024-04-13 17:03:10'),
(70, 'Sexy pose of themselves:', 98, 31, '2024-04-13 17:03:10'),
(71, 'MESSY!', 84, 36, '2024-04-13 17:03:10'),
(72, 'OMG!', 29, 42, '2024-04-13 17:03:10'),
(73, 'OMG! Be my wife or dad already!!', 100, 35, '2024-04-13 17:03:10'),
(74, 'Hot', 3, 7, '2024-04-13 17:03:10'),
(75, '?????? (three heart-eyed emojis)', 44, 7, '2024-04-13 17:03:10'),
(76, 'Wtf, how are you so pretty/handsome?', 42, 19, '2024-04-13 17:03:10'),
(77, 'Wow!! In love!!', 32, 19, '2024-04-13 17:03:10'),
(78, 'Classic', 59, 6, '2024-04-13 17:03:10'),
(79, 'Picture of their outfit or OOTD (outfit of the day):', 99, 9, '2024-04-13 17:03:10'),
(80, 'Ou la la', 25, 32, '2024-04-13 17:03:10'),
(81, 'Gorgeous!!', 12, 25, '2024-04-13 17:03:10'),
(82, 'Love your outfit!!', 71, 1, '2024-04-13 17:03:10'),
(83, 'Looking good, man.', 2, 33, '2024-04-13 17:03:10'),
(84, 'A picture of their pet/pets:', 26, 20, '2024-04-13 17:03:10'),
(85, 'Soooooo cute!!', 48, 44, '2024-04-13 17:03:10'),
(86, 'cute!', 18, 25, '2024-04-13 17:03:10'),
(87, 'lovely pet you got there!', 22, 25, '2024-04-13 17:03:10'),
(88, 'An inspirational quote:', 36, 48, '2024-04-13 17:03:10'),
(89, 'Inspired! Thanks for the share.', 66, 12, '2024-04-13 17:03:11'),
(90, 'Needed that, thanks!', 11, 35, '2024-04-13 17:03:11'),
(91, 'I agree/disagree.', 13, 21, '2024-04-13 17:03:11'),
(92, 'Inspirational', 94, 13, '2024-04-13 17:03:11'),
(93, 'A picture of their family or children:', 28, 26, '2024-04-13 17:03:11'),
(94, 'Lovely children.', 29, 20, '2024-04-13 17:03:11'),
(95, 'Adorable kids, you got there!', 76, 20, '2024-04-13 17:03:11'),
(96, 'They will grow up so fast!', 6, 23, '2024-04-13 17:03:11'),
(97, 'I remember when they were X small!! Time flies by to fast!', 80, 24, '2024-04-13 17:03:11'),
(98, 'A picture of their meal:', 27, 18, '2024-04-13 17:03:11'),
(99, 'Looks delish! Did you cook that?!?', 5, 30, '2024-04-13 17:03:11'),
(100, 'Yummy in my tummy. Yum!', 87, 15, '2024-04-13 17:03:11'),
(101, 'Enjoy!!', 18, 16, '2024-04-13 17:03:11'),
(102, '??????(the drooling mouth emoji)', 73, 5, '2024-04-13 17:03:11'),
(103, 'Death of a loved one:', 30, 31, '2024-04-13 17:03:11'),
(104, 'Sorry for your loss. My condolences go to you and your family.', 26, 37, '2024-04-13 17:03:11'),
(105, 'Rip (person’s name).', 80, 49, '2024-04-13 17:03:11'),
(106, 'Sorry for your loss, friend. If you need to talk, I’m always there for you.', 48, 43, '2024-04-13 17:03:11'),
(107, 'My condolences.', 56, 5, '2024-04-13 17:03:11'),
(108, 'Anniversary:', 66, 50, '2024-04-13 17:03:11'),
(109, 'Congrats!', 92, 15, '2024-04-13 17:03:11'),
(110, 'Congratulations on your X years of marriage/engagement!!', 86, 49, '2024-04-13 17:03:11'),
(111, 'Woo!! Congrats newlywed!', 26, 44, '2024-04-13 17:03:11'),
(112, 'I’m so happy for you.', 16, 24, '2024-04-13 17:03:11'),
(113, 'Great shot!!', 60, 18, '2024-04-13 17:03:11'),
(114, 'Clean shot!!', 53, 26, '2024-04-13 17:03:11'),
(115, 'Crisp shot man.', 88, 11, '2024-04-13 17:03:11'),
(116, 'I love the aesthetics of this picture.', 39, 13, '2024-04-13 17:03:11'),
(117, 'The bookeh is dope', 52, 26, '2024-04-13 17:03:11'),
(118, 'Great tones man', 72, 41, '2024-04-13 17:03:11'),
(119, 'This one is classic', 83, 25, '2024-04-13 17:03:11'),
(120, 'This one is fire', 39, 3, '2024-04-13 17:03:11'),
(121, 'great concepts.', 58, 40, '2024-04-13 17:03:11'),
(122, 'Beautiful picture, love the colors.', 30, 13, '2024-04-13 17:03:11'),
(123, 'Woow!! Hands down!!', 45, 27, '2024-04-13 17:03:11'),
(124, 'This is purely magic.', 18, 36, '2024-04-13 17:03:11'),
(125, 'Your content is amazing.', 19, 6, '2024-04-13 17:03:11'),
(126, 'Nice shot… etc etc :)', 21, 29, '2024-04-13 17:03:11'),
(127, 'Your beauty is irresistible!!', 49, 25, '2024-04-13 17:03:11'),
(128, 'You look energetic.', 13, 14, '2024-04-13 17:03:11'),
(129, 'Impressive picture.', 100, 20, '2024-04-13 17:03:11'),
(130, 'You look strong and confident.', 95, 49, '2024-04-13 17:03:11'),
(131, 'This picture is lit!!', 20, 9, '2024-04-13 17:03:11'),
(132, 'Adorable picture.', 59, 45, '2024-04-13 17:03:11'),
(133, 'Your smile makes me Happy.', 5, 39, '2024-04-13 17:03:11'),
(134, 'Looking Gorgeous .', 83, 43, '2024-04-13 17:03:11'),
(135, 'This picture made my day.', 59, 45, '2024-04-13 17:03:11'),
(136, 'Your beauty has no boundaries.', 3, 12, '2024-04-13 17:03:11'),
(137, 'My word can’t describe your beauty!!', 67, 22, '2024-04-13 17:03:11'),
(138, 'Your eyes sparkle like something I\'ve never seen before.', 27, 8, '2024-04-13 17:03:11'),
(139, 'Handsome hunk', 35, 15, '2024-04-13 17:03:11'),
(140, 'That beard tho (if you go in for details)', 86, 50, '2024-04-13 17:03:11'),
(141, 'That\'s dope', 69, 39, '2024-04-13 17:03:11'),
(142, 'Nailed it', 62, 48, '2024-04-13 17:03:11'),
(143, 'My squad', 69, 19, '2024-04-13 17:03:11'),
(144, 'High af', 67, 11, '2024-04-13 17:03:11'),
(145, 'Awesome', 4, 40, '2024-04-13 17:03:11'),
(146, 'Bromantic', 42, 11, '2024-04-13 17:03:11'),
(147, 'Hero', 33, 15, '2024-04-13 17:03:11'),
(148, 'This boy is mine', 94, 18, '2024-04-13 17:03:11'),
(149, 'My man', 93, 36, '2024-04-13 17:03:11'),
(150, 'I own this male', 49, 8, '2024-04-13 17:03:11'),
(151, 'He + me = forever', 7, 18, '2024-04-13 17:03:11'),
(152, 'You mean the world to me', 85, 42, '2024-04-13 17:03:11'),
(153, 'Cant get my eyes off', 16, 26, '2024-04-13 17:03:11'),
(154, 'In nature, light creates the color. In the picture, color creates the light.', 44, 41, '2024-04-13 17:03:11'),
(155, 'NICE GREAT', 60, 47, '2024-04-13 17:03:11'),
(156, 'The beauty has no boundaries in this picture.', 43, 9, '2024-04-13 17:03:11'),
(157, 'SUPER ', 23, 31, '2024-04-13 17:03:11'),
(158, 'Your beauty is irresistible.', 71, 43, '2024-04-13 17:03:11'),
(159, 'ADORABLE CHILL LIFE', 83, 30, '2024-04-13 17:03:11'),
(160, 'Such a charming picture.', 11, 40, '2024-04-13 17:03:11'),
(161, 'CHAL BE HERO', 96, 39, '2024-04-13 17:03:11'),
(162, 'Elegant picture.', 30, 42, '2024-04-13 17:03:11'),
(163, 'NICE PLACE AND WATVH', 41, 47, '2024-04-13 17:03:11'),
(164, 'My words are less to describe this picture.', 49, 32, '2024-04-13 17:03:11'),
(165, 'FDSAFDS', 22, 1, '2024-04-13 17:03:11'),
(166, 'Beauty lies within for those who choose to see.', 33, 48, '2024-04-13 17:03:11'),
(167, 'BASDHIYAYY', 3, 18, '2024-04-13 17:03:11'),
(168, 'The power of beauty lies within the soul.', 29, 6, '2024-04-13 17:03:11'),
(169, 'KICKASS LOKK!!!!!!!!!!!!!!!!!!!!!!!!!!!!!!!!!!!!!!!!!!!!!!!!!!!!!!!', 15, 23, '2024-04-13 17:03:11'),
(170, 'This picture is worth a thousand words.', 41, 47, '2024-04-13 17:03:11'),
(171, 'GREAT TO SEE U ALIVE ', 8, 33, '2024-04-13 17:03:11'),
(172, 'Beauty is power; a smile is its sword.', 1, 24, '2024-04-13 17:03:11'),
(173, 'MSRJAA AJJJRJKLFDSA', 68, 41, '2024-04-13 17:03:11'),
(174, 'This place looks exotic.', 2, 46, '2024-04-13 17:03:11'),
(175, 'DUBAI IS SLIVWE', 61, 36, '2024-04-13 17:03:11'),
(176, 'I love how vibrant colors are in the picture.', 10, 18, '2024-04-13 17:03:11'),
(177, 'GOOOD DATYYYYYYYYYYYYYYYYYYYYYYYYYYYYY', 38, 20, '2024-04-13 17:03:11'),
(178, 'Such a scenic view ,looks great.', 64, 49, '2024-04-13 17:03:11'),
(179, 'WONDERFUL IMORESSIVE', 69, 16, '2024-04-13 17:03:11'),
(180, 'Impressive picture.', 4, 28, '2024-04-13 17:03:11'),
(181, 'AAGT LGADI BHAI MAJA AA GYA ', 78, 39, '2024-04-13 17:03:11'),
(182, 'Adorable picture and Your smile makes me Happy.', 42, 30, '2024-04-13 17:03:11'),
(183, 'such a nice cute humbke kind gentke face', 1, 1, '2024-04-13 17:03:11'),
(184, 'Looking Gorgeous and This picture made my day. ', 61, 1, '2024-04-13 17:03:11'),
(185, 'Never seen a selfie of yours that I don\'t like. ', 29, 48, '2024-04-13 17:03:11'),
(186, 'You are the coolest. ', 97, 27, '2024-04-13 17:03:11'),
(187, 'You are the coolest. ', 69, 19, '2024-04-13 17:03:11'),
(188, 'You are the coolest. ', 25, 15, '2024-04-13 17:03:11'),
(189, 'You are the coolest. ', 66, 23, '2024-04-13 17:03:11'),
(190, 'Friends forever. ', 6, 5, '2024-04-13 17:03:11'),
(191, 'They say love is beautiful, but I say friendship is better. ', 13, 9, '2024-04-13 17:03:11'),
(192, 'AAGT LGADI BHAI MAJA AA GYA  ', 26, 32, '2024-04-13 17:03:11'),
(193, 'Impressive picture. ', 72, 39, '2024-04-13 17:03:11'),
(194, 'MSRJAA AJJJRJKLFDSA ', 23, 31, '2024-04-13 17:03:11'),
(195, 'COOL PIC ', 58, 4, '2024-04-13 17:03:11'),
(196, 'You are the coolest. ', 68, 34, '2024-04-13 17:03:11'),
(197, 'xing of public record ', 93, 48, '2024-04-13 17:03:11'),
(198, 'GREAT JOB ', 10, 6, '2024-04-13 17:03:11'),
(199, 'GOOOD DAY !!!!!!!!!!!!!!!!!!!! ', 98, 46, '2024-04-13 17:03:11');

-- --------------------------------------------------------

--
-- Table structure for table `comment_likes`
--

CREATE TABLE `comment_likes` (
  `user_id` int(11) NOT NULL,
  `comment_id` int(11) NOT NULL,
  `created_at` timestamp NOT NULL DEFAULT current_timestamp()
) ENGINE=InnoDB DEFAULT CHARSET=utf8mb4 COLLATE=utf8mb4_general_ci;

--
-- Dumping data for table `comment_likes`
--

INSERT INTO `comment_likes` (`user_id`, `comment_id`, `created_at`) VALUES
(1, 2, '2024-04-13 17:03:11'),
(1, 94, '2024-04-13 17:03:12'),
(1, 120, '2024-04-13 17:03:12'),
(1, 122, '2024-04-13 17:03:11'),
(1, 124, '2024-04-13 17:03:13'),
(1, 133, '2024-04-13 17:03:13'),
(1, 171, '2024-04-13 17:03:11'),
(2, 8, '2024-04-13 17:03:11'),
(2, 57, '2024-04-13 17:03:12'),
(2, 146, '2024-04-13 17:03:11'),
(2, 157, '2024-04-13 17:03:11'),
(3, 4, '2024-04-13 17:03:11'),
(3, 5, '2024-04-13 17:03:11'),
(3, 7, '2024-04-13 17:03:11'),
(3, 42, '2024-04-13 17:03:12'),
(3, 94, '2024-04-13 17:03:12'),
(3, 114, '2024-04-13 17:03:13'),
(3, 119, '2024-04-13 17:03:12'),
(3, 158, '2024-04-13 17:03:12'),
(3, 194, '2024-04-13 17:03:12'),
(3, 196, '2024-04-13 17:03:12'),
(3, 199, '2024-04-13 17:03:11'),
(4, 1, '2024-04-13 17:03:11'),
(4, 4, '2024-04-13 17:03:11'),
(4, 14, '2024-04-13 17:03:12'),
(4, 37, '2024-04-13 17:03:12'),
(4, 72, '2024-04-13 17:03:13'),
(4, 131, '2024-04-13 17:03:12'),
(4, 138, '2024-04-13 17:03:12'),
(4, 162, '2024-04-13 17:03:11'),
(5, 2, '2024-04-13 17:03:11'),
(5, 32, '2024-04-13 17:03:11'),
(5, 47, '2024-04-13 17:03:11'),
(5, 62, '2024-04-13 17:03:13'),
(5, 147, '2024-04-13 17:03:13'),
(5, 176, '2024-04-13 17:03:13'),
(6, 1, '2024-04-13 17:03:11'),
(6, 9, '2024-04-13 17:03:11'),
(6, 41, '2024-04-13 17:03:13'),
(6, 68, '2024-04-13 17:03:12'),
(6, 72, '2024-04-13 17:03:12'),
(6, 115, '2024-04-13 17:03:13'),
(6, 118, '2024-04-13 17:03:11'),
(6, 129, '2024-04-13 17:03:12'),
(6, 150, '2024-04-13 17:03:13'),
(6, 168, '2024-04-13 17:03:12'),
(7, 3, '2024-04-13 17:03:12'),
(7, 5, '2024-04-13 17:03:11'),
(7, 153, '2024-04-13 17:03:12'),
(8, 3, '2024-04-13 17:03:11'),
(8, 106, '2024-04-13 17:03:12'),
(8, 115, '2024-04-13 17:03:12'),
(9, 3, '2024-04-13 17:03:11'),
(9, 8, '2024-04-13 17:03:13'),
(9, 38, '2024-04-13 17:03:12'),
(9, 84, '2024-04-13 17:03:12'),
(9, 90, '2024-04-13 17:03:13'),
(9, 100, '2024-04-13 17:03:12'),
(9, 110, '2024-04-13 17:03:13'),
(9, 134, '2024-04-13 17:03:12'),
(9, 153, '2024-04-13 17:03:13'),
(9, 187, '2024-04-13 17:03:13'),
(9, 188, '2024-04-13 17:03:12'),
(10, 89, '2024-04-13 17:03:12'),
(10, 110, '2024-04-13 17:03:13'),
(10, 138, '2024-04-13 17:03:13'),
(10, 150, '2024-04-13 17:03:12'),
(10, 191, '2024-04-13 17:03:13'),
(11, 4, '2024-04-13 17:03:12'),
(11, 9, '2024-04-13 17:03:13'),
(11, 33, '2024-04-13 17:03:13'),
(11, 45, '2024-04-13 17:03:12'),
(11, 55, '2024-04-13 17:03:12'),
(11, 101, '2024-04-13 17:03:11'),
(11, 141, '2024-04-13 17:03:13'),
(11, 143, '2024-04-13 17:03:11'),
(11, 144, '2024-04-13 17:03:12'),
(11, 196, '2024-04-13 17:03:11'),
(12, 15, '2024-04-13 17:03:11'),
(12, 91, '2024-04-13 17:03:12'),
(12, 129, '2024-04-13 17:03:11'),
(12, 137, '2024-04-13 17:03:13'),
(12, 143, '2024-04-13 17:03:11'),
(12, 151, '2024-04-13 17:03:13'),
(12, 166, '2024-04-13 17:03:12'),
(12, 198, '2024-04-13 17:03:11'),
(13, 14, '2024-04-13 17:03:11'),
(13, 20, '2024-04-13 17:03:13'),
(13, 25, '2024-04-13 17:03:13'),
(13, 36, '2024-04-13 17:03:12'),
(13, 61, '2024-04-13 17:03:12'),
(13, 62, '2024-04-13 17:03:12'),
(13, 121, '2024-04-13 17:03:13'),
(13, 138, '2024-04-13 17:03:13'),
(13, 142, '2024-04-13 17:03:12'),
(13, 175, '2024-04-13 17:03:12'),
(14, 45, '2024-04-13 17:03:13'),
(14, 51, '2024-04-13 17:03:12'),
(14, 74, '2024-04-13 17:03:13'),
(14, 87, '2024-04-13 17:03:12'),
(14, 114, '2024-04-13 17:03:13'),
(14, 115, '2024-04-13 17:03:13'),
(14, 124, '2024-04-13 17:03:12'),
(14, 187, '2024-04-13 17:03:11'),
(14, 191, '2024-04-13 17:03:13'),
(15, 22, '2024-04-13 17:03:11'),
(15, 81, '2024-04-13 17:03:11'),
(15, 82, '2024-04-13 17:03:11'),
(15, 124, '2024-04-13 17:03:12'),
(15, 190, '2024-04-13 17:03:12'),
(16, 14, '2024-04-13 17:03:13'),
(16, 22, '2024-04-13 17:03:13'),
(16, 57, '2024-04-13 17:03:13'),
(16, 115, '2024-04-13 17:03:12'),
(16, 142, '2024-04-13 17:03:13'),
(16, 155, '2024-04-13 17:03:12'),
(17, 42, '2024-04-13 17:03:12'),
(17, 69, '2024-04-13 17:03:13'),
(17, 74, '2024-04-13 17:03:13'),
(17, 79, '2024-04-13 17:03:12'),
(17, 102, '2024-04-13 17:03:12'),
(17, 113, '2024-04-13 17:03:11'),
(17, 155, '2024-04-13 17:03:13'),
(17, 171, '2024-04-13 17:03:12'),
(17, 176, '2024-04-13 17:03:13'),
(18, 6, '2024-04-13 17:03:12'),
(18, 102, '2024-04-13 17:03:13'),
(18, 180, '2024-04-13 17:03:12'),
(18, 181, '2024-04-13 17:03:12'),
(18, 195, '2024-04-13 17:03:11'),
(19, 33, '2024-04-13 17:03:12'),
(19, 51, '2024-04-13 17:03:12'),
(19, 69, '2024-04-13 17:03:12'),
(19, 87, '2024-04-13 17:03:13'),
(19, 106, '2024-04-13 17:03:13'),
(19, 111, '2024-04-13 17:03:11'),
(19, 128, '2024-04-13 17:03:13'),
(19, 129, '2024-04-13 17:03:12'),
(19, 147, '2024-04-13 17:03:11'),
(20, 28, '2024-04-13 17:03:12'),
(20, 54, '2024-04-13 17:03:12'),
(20, 76, '2024-04-13 17:03:13'),
(20, 99, '2024-04-13 17:03:13'),
(20, 104, '2024-04-13 17:03:12'),
(20, 133, '2024-04-13 17:03:11'),
(20, 148, '2024-04-13 17:03:11'),
(20, 151, '2024-04-13 17:03:12'),
(21, 42, '2024-04-13 17:03:13'),
(21, 59, '2024-04-13 17:03:11'),
(21, 71, '2024-04-13 17:03:13'),
(21, 101, '2024-04-13 17:03:13'),
(21, 180, '2024-04-13 17:03:12'),
(21, 183, '2024-04-13 17:03:13'),
(22, 48, '2024-04-13 17:03:12'),
(22, 65, '2024-04-13 17:03:11'),
(22, 73, '2024-04-13 17:03:13'),
(22, 82, '2024-04-13 17:03:12'),
(22, 99, '2024-04-13 17:03:11'),
(22, 104, '2024-04-13 17:03:12'),
(22, 139, '2024-04-13 17:03:12'),
(22, 148, '2024-04-13 17:03:13'),
(22, 149, '2024-04-13 17:03:12'),
(22, 162, '2024-04-13 17:03:13'),
(22, 177, '2024-04-13 17:03:11'),
(22, 186, '2024-04-13 17:03:13'),
(23, 59, '2024-04-13 17:03:12'),
(23, 74, '2024-04-13 17:03:12'),
(23, 77, '2024-04-13 17:03:12'),
(23, 99, '2024-04-13 17:03:13'),
(23, 163, '2024-04-13 17:03:12'),
(23, 198, '2024-04-13 17:03:12'),
(24, 25, '2024-04-13 17:03:11'),
(24, 52, '2024-04-13 17:03:11'),
(24, 111, '2024-04-13 17:03:13'),
(24, 149, '2024-04-13 17:03:13'),
(24, 191, '2024-04-13 17:03:12'),
(25, 4, '2024-04-13 17:03:12'),
(25, 5, '2024-04-13 17:03:12'),
(25, 12, '2024-04-13 17:03:13'),
(25, 17, '2024-04-13 17:03:12'),
(25, 24, '2024-04-13 17:03:13'),
(25, 31, '2024-04-13 17:03:13'),
(25, 55, '2024-04-13 17:03:13'),
(25, 78, '2024-04-13 17:03:12'),
(25, 96, '2024-04-13 17:03:12'),
(25, 99, '2024-04-13 17:03:12'),
(25, 112, '2024-04-13 17:03:13'),
(25, 159, '2024-04-13 17:03:11'),
(25, 177, '2024-04-13 17:03:11'),
(25, 178, '2024-04-13 17:03:12'),
(25, 195, '2024-04-13 17:03:13'),
(26, 29, '2024-04-13 17:03:13'),
(26, 55, '2024-04-13 17:03:13'),
(26, 71, '2024-04-13 17:03:13'),
(26, 129, '2024-04-13 17:03:11'),
(26, 133, '2024-04-13 17:03:12'),
(26, 140, '2024-04-13 17:03:12'),
(26, 144, '2024-04-13 17:03:12'),
(27, 4, '2024-04-13 17:03:13'),
(27, 31, '2024-04-13 17:03:11'),
(27, 53, '2024-04-13 17:03:12'),
(27, 95, '2024-04-13 17:03:11'),
(27, 130, '2024-04-13 17:03:12'),
(27, 146, '2024-04-13 17:03:11'),
(27, 174, '2024-04-13 17:03:13'),
(27, 177, '2024-04-13 17:03:13'),
(28, 2, '2024-04-13 17:03:13'),
(28, 80, '2024-04-13 17:03:11'),
(28, 179, '2024-04-13 17:03:12'),
(28, 198, '2024-04-13 17:03:13'),
(29, 25, '2024-04-13 17:03:13'),
(29, 30, '2024-04-13 17:03:13'),
(29, 41, '2024-04-13 17:03:12'),
(29, 58, '2024-04-13 17:03:12'),
(29, 85, '2024-04-13 17:03:11'),
(29, 99, '2024-04-13 17:03:13'),
(29, 100, '2024-04-13 17:03:13'),
(29, 111, '2024-04-13 17:03:12'),
(29, 116, '2024-04-13 17:03:12'),
(29, 164, '2024-04-13 17:03:12'),
(29, 182, '2024-04-13 17:03:12'),
(30, 12, '2024-04-13 17:03:11'),
(30, 25, '2024-04-13 17:03:12'),
(30, 42, '2024-04-13 17:03:12'),
(30, 69, '2024-04-13 17:03:12'),
(30, 90, '2024-04-13 17:03:13'),
(30, 130, '2024-04-13 17:03:13'),
(30, 135, '2024-04-13 17:03:12'),
(30, 150, '2024-04-13 17:03:13'),
(30, 162, '2024-04-13 17:03:13'),
(30, 186, '2024-04-13 17:03:13'),
(31, 4, '2024-04-13 17:03:11'),
(31, 81, '2024-04-13 17:03:13'),
(31, 91, '2024-04-13 17:03:11'),
(31, 169, '2024-04-13 17:03:13'),
(31, 189, '2024-04-13 17:03:12'),
(32, 18, '2024-04-13 17:03:12'),
(32, 26, '2024-04-13 17:03:13'),
(32, 28, '2024-04-13 17:03:12'),
(32, 36, '2024-04-13 17:03:12'),
(32, 49, '2024-04-13 17:03:13'),
(32, 73, '2024-04-13 17:03:13'),
(32, 78, '2024-04-13 17:03:12'),
(32, 86, '2024-04-13 17:03:12'),
(32, 139, '2024-04-13 17:03:12'),
(32, 171, '2024-04-13 17:03:13'),
(32, 191, '2024-04-13 17:03:11'),
(33, 25, '2024-04-13 17:03:12'),
(33, 45, '2024-04-13 17:03:13'),
(33, 46, '2024-04-13 17:03:13'),
(33, 54, '2024-04-13 17:03:12'),
(33, 64, '2024-04-13 17:03:12'),
(33, 72, '2024-04-13 17:03:13'),
(33, 120, '2024-04-13 17:03:13'),
(33, 132, '2024-04-13 17:03:11'),
(33, 198, '2024-04-13 17:03:11'),
(34, 41, '2024-04-13 17:03:12'),
(34, 71, '2024-04-13 17:03:12'),
(34, 133, '2024-04-13 17:03:13'),
(34, 146, '2024-04-13 17:03:12'),
(34, 156, '2024-04-13 17:03:11'),
(34, 172, '2024-04-13 17:03:13'),
(34, 193, '2024-04-13 17:03:12'),
(35, 13, '2024-04-13 17:03:13'),
(35, 47, '2024-04-13 17:03:12'),
(35, 72, '2024-04-13 17:03:12'),
(35, 85, '2024-04-13 17:03:12'),
(35, 164, '2024-04-13 17:03:13'),
(36, 17, '2024-04-13 17:03:11'),
(36, 53, '2024-04-13 17:03:11'),
(36, 78, '2024-04-13 17:03:11'),
(36, 106, '2024-04-13 17:03:12'),
(36, 114, '2024-04-13 17:03:11'),
(36, 129, '2024-04-13 17:03:13'),
(36, 178, '2024-04-13 17:03:13'),
(37, 24, '2024-04-13 17:03:11'),
(37, 65, '2024-04-13 17:03:12'),
(37, 131, '2024-04-13 17:03:13'),
(37, 136, '2024-04-13 17:03:12'),
(37, 141, '2024-04-13 17:03:12'),
(37, 149, '2024-04-13 17:03:11'),
(37, 168, '2024-04-13 17:03:13'),
(37, 171, '2024-04-13 17:03:12'),
(37, 191, '2024-04-13 17:03:13'),
(38, 45, '2024-04-13 17:03:12'),
(38, 48, '2024-04-13 17:03:13'),
(38, 57, '2024-04-13 17:03:11'),
(38, 76, '2024-04-13 17:03:12'),
(38, 106, '2024-04-13 17:03:13'),
(38, 107, '2024-04-13 17:03:11'),
(38, 137, '2024-04-13 17:03:11'),
(39, 56, '2024-04-13 17:03:12'),
(39, 66, '2024-04-13 17:03:12'),
(39, 121, '2024-04-13 17:03:12'),
(39, 134, '2024-04-13 17:03:13'),
(39, 168, '2024-04-13 17:03:12'),
(39, 195, '2024-04-13 17:03:12'),
(39, 197, '2024-04-13 17:03:13'),
(40, 98, '2024-04-13 17:03:11'),
(40, 111, '2024-04-13 17:03:13'),
(40, 140, '2024-04-13 17:03:12'),
(40, 167, '2024-04-13 17:03:12'),
(41, 72, '2024-04-13 17:03:12'),
(41, 87, '2024-04-13 17:03:12'),
(41, 130, '2024-04-13 17:03:13'),
(41, 138, '2024-04-13 17:03:12'),
(41, 146, '2024-04-13 17:03:12'),
(42, 14, '2024-04-13 17:03:11'),
(42, 114, '2024-04-13 17:03:12'),
(42, 146, '2024-04-13 17:03:13'),
(43, 84, '2024-04-13 17:03:12'),
(43, 96, '2024-04-13 17:03:11'),
(43, 105, '2024-04-13 17:03:12'),
(43, 123, '2024-04-13 17:03:13'),
(43, 133, '2024-04-13 17:03:13'),
(43, 168, '2024-04-13 17:03:13'),
(43, 178, '2024-04-13 17:03:12'),
(43, 190, '2024-04-13 17:03:12'),
(43, 196, '2024-04-13 17:03:12'),
(44, 53, '2024-04-13 17:03:12'),
(44, 58, '2024-04-13 17:03:12'),
(44, 82, '2024-04-13 17:03:12'),
(44, 130, '2024-04-13 17:03:12'),
(44, 132, '2024-04-13 17:03:11'),
(44, 134, '2024-04-13 17:03:13'),
(44, 148, '2024-04-13 17:03:13'),
(44, 159, '2024-04-13 17:03:13'),
(44, 184, '2024-04-13 17:03:11'),
(45, 4, '2024-04-13 17:03:13'),
(45, 36, '2024-04-13 17:03:12'),
(45, 37, '2024-04-13 17:03:12'),
(45, 70, '2024-04-13 17:03:13'),
(45, 82, '2024-04-13 17:03:12'),
(45, 136, '2024-04-13 17:03:13'),
(45, 137, '2024-04-13 17:03:13'),
(45, 170, '2024-04-13 17:03:12'),
(45, 178, '2024-04-13 17:03:13'),
(46, 6, '2024-04-13 17:03:12'),
(46, 34, '2024-04-13 17:03:12'),
(46, 66, '2024-04-13 17:03:13'),
(46, 72, '2024-04-13 17:03:12'),
(46, 88, '2024-04-13 17:03:11'),
(46, 102, '2024-04-13 17:03:13'),
(46, 130, '2024-04-13 17:03:12'),
(46, 195, '2024-04-13 17:03:12'),
(47, 14, '2024-04-13 17:03:11'),
(47, 19, '2024-04-13 17:03:12'),
(47, 27, '2024-04-13 17:03:12'),
(47, 77, '2024-04-13 17:03:13'),
(47, 86, '2024-04-13 17:03:11'),
(47, 92, '2024-04-13 17:03:13'),
(47, 160, '2024-04-13 17:03:12'),
(47, 189, '2024-04-13 17:03:13'),
(47, 192, '2024-04-13 17:03:11'),
(48, 11, '2024-04-13 17:03:12'),
(48, 29, '2024-04-13 17:03:12'),
(48, 42, '2024-04-13 17:03:12'),
(48, 48, '2024-04-13 17:03:13'),
(48, 93, '2024-04-13 17:03:13'),
(48, 97, '2024-04-13 17:03:13'),
(48, 102, '2024-04-13 17:03:12'),
(48, 146, '2024-04-13 17:03:11'),
(48, 173, '2024-04-13 17:03:12'),
(48, 181, '2024-04-13 17:03:12'),
(49, 5, '2024-04-13 17:03:13'),
(49, 32, '2024-04-13 17:03:13'),
(49, 40, '2024-04-13 17:03:13'),
(49, 53, '2024-04-13 17:03:13'),
(49, 81, '2024-04-13 17:03:13'),
(49, 196, '2024-04-13 17:03:12'),
(50, 17, '2024-04-13 17:03:12'),
(50, 26, '2024-04-13 17:03:11'),
(50, 58, '2024-04-13 17:03:12'),
(50, 93, '2024-04-13 17:03:13'),
(50, 106, '2024-04-13 17:03:13'),
(50, 110, '2024-04-13 17:03:11'),
(50, 129, '2024-04-13 17:03:13'),
(50, 140, '2024-04-13 17:03:13'),
(50, 152, '2024-04-13 17:03:11'),
(50, 175, '2024-04-13 17:03:13'),
(50, 198, '2024-04-13 17:03:13');

-- --------------------------------------------------------

--
-- Table structure for table `follows`
--

CREATE TABLE `follows` (
  `follower_id` int(11) NOT NULL,
  `followee_id` int(11) NOT NULL,
  `created_at` timestamp NOT NULL DEFAULT current_timestamp()
) ENGINE=InnoDB DEFAULT CHARSET=utf8mb4 COLLATE=utf8mb4_general_ci;

--
-- Dumping data for table `follows`
--

INSERT INTO `follows` (`follower_id`, `followee_id`, `created_at`) VALUES
(1, 1, '2024-04-13 17:02:51'),
(1, 2, '2024-04-13 17:02:47'),
(1, 3, '2024-04-13 17:02:51'),
(1, 4, '2024-04-13 17:02:54'),
(1, 5, '2024-04-13 17:02:51'),
(1, 6, '2024-04-13 17:02:49'),
(1, 7, '2024-04-13 17:02:52'),
(1, 10, '2024-04-13 17:02:56'),
(1, 11, '2024-04-13 17:02:53'),
(1, 12, '2024-04-13 17:02:52'),
(1, 13, '2024-04-13 17:02:50'),
(1, 14, '2024-04-13 17:02:48'),
(1, 15, '2024-04-13 17:02:48'),
(1, 16, '2024-04-13 17:02:53'),
(1, 18, '2024-04-13 17:02:54'),
(1, 20, '2024-04-13 17:02:49'),
(1, 21, '2024-04-13 17:02:49'),
(1, 25, '2024-04-13 17:02:47'),
(1, 26, '2024-04-13 17:02:50'),
(1, 27, '2024-04-13 17:02:51'),
(1, 29, '2024-04-13 17:02:50'),
(1, 30, '2024-04-13 17:02:50'),
(1, 33, '2024-04-13 17:02:51'),
(1, 34, '2024-04-13 17:02:55'),
(1, 36, '2024-04-13 17:02:51'),
(1, 37, '2024-04-13 17:02:47'),
(1, 38, '2024-04-13 17:02:50'),
(1, 40, '2024-04-13 17:02:51'),
(1, 41, '2024-04-13 17:02:47'),
(1, 42, '2024-04-13 17:02:55'),
(1, 43, '2024-04-13 17:02:51'),
(1, 45, '2024-04-13 17:02:48'),
(1, 47, '2024-04-13 17:02:57'),
(1, 48, '2024-04-13 17:02:49'),
(1, 49, '2024-04-13 17:02:55'),
(1, 50, '2024-04-13 17:02:55'),
(2, 1, '2024-04-13 17:02:56'),
(2, 2, '2024-04-13 17:02:55'),
(2, 3, '2024-04-13 17:02:50'),
(2, 4, '2024-04-13 17:02:52'),
(2, 5, '2024-04-13 17:02:55'),
(2, 6, '2024-04-13 17:02:49'),
(2, 7, '2024-04-13 17:02:55'),
(2, 8, '2024-04-13 17:02:47'),
(2, 9, '2024-04-13 17:02:48'),
(2, 10, '2024-04-13 17:02:50'),
(2, 11, '2024-04-13 17:02:53'),
(2, 12, '2024-04-13 17:02:56'),
(2, 13, '2024-04-13 17:02:53'),
(2, 14, '2024-04-13 17:02:52'),
(2, 17, '2024-04-13 17:02:56'),
(2, 18, '2024-04-13 17:02:51'),
(2, 19, '2024-04-13 17:02:55'),
(2, 20, '2024-04-13 17:02:51'),
(2, 21, '2024-04-13 17:02:52'),
(2, 24, '2024-04-13 17:02:48'),
(2, 25, '2024-04-13 17:02:52'),
(2, 26, '2024-04-13 17:02:48'),
(2, 27, '2024-04-13 17:02:49'),
(2, 28, '2024-04-13 17:02:47'),
(2, 29, '2024-04-13 17:02:48'),
(2, 30, '2024-04-13 17:02:48'),
(2, 31, '2024-04-13 17:02:51'),
(2, 32, '2024-04-13 17:02:57'),
(2, 33, '2024-04-13 17:02:50'),
(2, 34, '2024-04-13 17:02:50'),
(2, 35, '2024-04-13 17:02:55'),
(2, 36, '2024-04-13 17:02:50'),
(2, 37, '2024-04-13 17:02:52'),
(2, 38, '2024-04-13 17:02:56'),
(2, 39, '2024-04-13 17:02:50'),
(2, 40, '2024-04-13 17:02:49'),
(2, 41, '2024-04-13 17:02:55'),
(2, 42, '2024-04-13 17:02:50'),
(2, 43, '2024-04-13 17:02:53'),
(2, 45, '2024-04-13 17:02:54'),
(2, 46, '2024-04-13 17:02:50'),
(2, 47, '2024-04-13 17:02:56'),
(2, 48, '2024-04-13 17:02:51'),
(2, 50, '2024-04-13 17:02:47'),
(3, 2, '2024-04-13 17:02:52'),
(3, 4, '2024-04-13 17:02:54'),
(3, 5, '2024-04-13 17:02:49'),
(3, 7, '2024-04-13 17:02:54'),
(3, 10, '2024-04-13 17:02:52'),
(3, 11, '2024-04-13 17:02:52'),
(3, 12, '2024-04-13 17:02:53'),
(3, 13, '2024-04-13 17:02:49'),
(3, 14, '2024-04-13 17:02:53'),
(3, 15, '2024-04-13 17:02:49'),
(3, 17, '2024-04-13 17:02:53'),
(3, 19, '2024-04-13 17:02:53'),
(3, 20, '2024-04-13 17:02:55'),
(3, 21, '2024-04-13 17:02:51'),
(3, 22, '2024-04-13 17:02:52'),
(3, 24, '2024-04-13 17:02:56'),
(3, 25, '2024-04-13 17:02:54'),
(3, 27, '2024-04-13 17:02:48'),
(3, 28, '2024-04-13 17:02:52'),
(3, 29, '2024-04-13 17:02:54'),
(3, 30, '2024-04-13 17:02:49'),
(3, 31, '2024-04-13 17:02:51'),
(3, 32, '2024-04-13 17:02:50'),
(3, 34, '2024-04-13 17:02:53'),
(3, 35, '2024-04-13 17:02:50'),
(3, 36, '2024-04-13 17:02:52'),
(3, 38, '2024-04-13 17:02:54'),
(3, 40, '2024-04-13 17:02:47'),
(3, 41, '2024-04-13 17:02:54'),
(3, 43, '2024-04-13 17:02:48'),
(3, 44, '2024-04-13 17:02:51'),
(3, 45, '2024-04-13 17:02:51'),
(3, 46, '2024-04-13 17:02:51'),
(3, 47, '2024-04-13 17:02:55'),
(3, 48, '2024-04-13 17:02:55'),
(3, 49, '2024-04-13 17:02:56'),
(4, 2, '2024-04-13 17:02:48'),
(4, 3, '2024-04-13 17:02:52'),
(4, 4, '2024-04-13 17:02:53'),
(4, 5, '2024-04-13 17:02:47'),
(4, 7, '2024-04-13 17:02:54'),
(4, 8, '2024-04-13 17:02:49'),
(4, 9, '2024-04-13 17:02:56'),
(4, 10, '2024-04-13 17:02:49'),
(4, 11, '2024-04-13 17:02:52'),
(4, 12, '2024-04-13 17:02:55'),
(4, 14, '2024-04-13 17:02:54'),
(4, 15, '2024-04-13 17:02:54'),
(4, 16, '2024-04-13 17:02:51'),
(4, 17, '2024-04-13 17:02:48'),
(4, 19, '2024-04-13 17:02:53'),
(4, 20, '2024-04-13 17:02:49'),
(4, 21, '2024-04-13 17:02:50'),
(4, 22, '2024-04-13 17:02:54'),
(4, 24, '2024-04-13 17:02:48'),
(4, 26, '2024-04-13 17:02:53'),
(4, 28, '2024-04-13 17:02:54'),
(4, 29, '2024-04-13 17:02:48'),
(4, 30, '2024-04-13 17:02:56'),
(4, 32, '2024-04-13 17:02:52'),
(4, 33, '2024-04-13 17:02:51'),
(4, 37, '2024-04-13 17:02:55'),
(4, 38, '2024-04-13 17:02:50'),
(4, 41, '2024-04-13 17:02:52'),
(4, 44, '2024-04-13 17:02:48'),
(4, 45, '2024-04-13 17:02:56'),
(4, 47, '2024-04-13 17:02:50'),
(4, 48, '2024-04-13 17:02:48'),
(4, 49, '2024-04-13 17:02:52'),
(4, 50, '2024-04-13 17:02:54'),
(5, 1, '2024-04-13 17:02:55'),
(5, 2, '2024-04-13 17:02:56'),
(5, 3, '2024-04-13 17:02:51'),
(5, 5, '2024-04-13 17:02:52'),
(5, 7, '2024-04-13 17:02:52'),
(5, 8, '2024-04-13 17:02:48'),
(5, 9, '2024-04-13 17:02:51'),
(5, 11, '2024-04-13 17:02:49'),
(5, 12, '2024-04-13 17:02:54'),
(5, 13, '2024-04-13 17:02:53'),
(5, 14, '2024-04-13 17:02:52'),
(5, 15, '2024-04-13 17:02:52'),
(5, 17, '2024-04-13 17:02:53'),
(5, 18, '2024-04-13 17:02:49'),
(5, 19, '2024-04-13 17:02:53'),
(5, 20, '2024-04-13 17:02:52'),
(5, 23, '2024-04-13 17:02:48'),
(5, 24, '2024-04-13 17:02:52'),
(5, 27, '2024-04-13 17:02:54'),
(5, 28, '2024-04-13 17:02:49'),
(5, 29, '2024-04-13 17:02:48'),
(5, 31, '2024-04-13 17:02:51'),
(5, 33, '2024-04-13 17:02:53'),
(5, 34, '2024-04-13 17:02:52'),
(5, 35, '2024-04-13 17:02:49'),
(5, 37, '2024-04-13 17:02:56'),
(5, 39, '2024-04-13 17:02:52'),
(5, 40, '2024-04-13 17:02:56'),
(5, 42, '2024-04-13 17:02:54'),
(5, 43, '2024-04-13 17:02:49'),
(5, 44, '2024-04-13 17:02:53'),
(5, 45, '2024-04-13 17:02:55'),
(5, 47, '2024-04-13 17:02:56'),
(5, 48, '2024-04-13 17:02:56'),
(5, 49, '2024-04-13 17:02:49'),
(6, 1, '2024-04-13 17:02:51'),
(6, 3, '2024-04-13 17:02:56'),
(6, 5, '2024-04-13 17:02:48'),
(6, 6, '2024-04-13 17:02:53'),
(6, 7, '2024-04-13 17:02:50'),
(6, 8, '2024-04-13 17:02:52'),
(6, 9, '2024-04-13 17:02:54'),
(6, 12, '2024-04-13 17:02:50'),
(6, 13, '2024-04-13 17:02:56'),
(6, 14, '2024-04-13 17:02:55'),
(6, 15, '2024-04-13 17:02:54'),
(6, 16, '2024-04-13 17:02:53'),
(6, 17, '2024-04-13 17:02:56'),
(6, 18, '2024-04-13 17:02:54'),
(6, 19, '2024-04-13 17:02:56'),
(6, 20, '2024-04-13 17:02:48'),
(6, 21, '2024-04-13 17:02:54'),
(6, 22, '2024-04-13 17:02:50'),
(6, 26, '2024-04-13 17:02:56'),
(6, 27, '2024-04-13 17:02:47'),
(6, 28, '2024-04-13 17:02:47'),
(6, 29, '2024-04-13 17:02:57'),
(6, 30, '2024-04-13 17:02:49'),
(6, 31, '2024-04-13 17:02:56'),
(6, 32, '2024-04-13 17:02:49'),
(6, 34, '2024-04-13 17:02:51'),
(6, 36, '2024-04-13 17:02:56'),
(6, 37, '2024-04-13 17:02:51'),
(6, 38, '2024-04-13 17:02:48'),
(6, 40, '2024-04-13 17:02:47'),
(6, 42, '2024-04-13 17:02:54'),
(6, 44, '2024-04-13 17:02:51'),
(6, 46, '2024-04-13 17:02:54'),
(6, 47, '2024-04-13 17:02:48'),
(6, 48, '2024-04-13 17:02:53'),
(6, 49, '2024-04-13 17:02:50'),
(6, 50, '2024-04-13 17:02:52'),
(7, 1, '2024-04-13 17:02:51'),
(7, 2, '2024-04-13 17:02:51'),
(7, 3, '2024-04-13 17:02:49'),
(7, 4, '2024-04-13 17:02:52'),
(7, 6, '2024-04-13 17:02:50'),
(7, 8, '2024-04-13 17:02:47'),
(7, 9, '2024-04-13 17:02:56'),
(7, 11, '2024-04-13 17:02:50'),
(7, 13, '2024-04-13 17:02:51'),
(7, 14, '2024-04-13 17:02:57'),
(7, 15, '2024-04-13 17:02:50'),
(7, 16, '2024-04-13 17:02:56'),
(7, 17, '2024-04-13 17:02:47'),
(7, 18, '2024-04-13 17:02:49'),
(7, 19, '2024-04-13 17:02:50'),
(7, 20, '2024-04-13 17:02:54'),
(7, 21, '2024-04-13 17:02:48'),
(7, 22, '2024-04-13 17:02:47'),
(7, 23, '2024-04-13 17:02:56'),
(7, 24, '2024-04-13 17:02:47'),
(7, 25, '2024-04-13 17:02:53'),
(7, 26, '2024-04-13 17:02:56'),
(7, 27, '2024-04-13 17:02:53'),
(7, 28, '2024-04-13 17:02:48'),
(7, 29, '2024-04-13 17:02:54'),
(7, 30, '2024-04-13 17:02:50'),
(7, 31, '2024-04-13 17:02:49'),
(7, 32, '2024-04-13 17:02:55'),
(7, 33, '2024-04-13 17:02:51'),
(7, 34, '2024-04-13 17:02:52'),
(7, 35, '2024-04-13 17:02:48'),
(7, 36, '2024-04-13 17:02:55'),
(7, 37, '2024-04-13 17:02:50'),
(7, 38, '2024-04-13 17:02:52'),
(7, 39, '2024-04-13 17:02:49'),
(7, 41, '2024-04-13 17:02:50'),
(7, 42, '2024-04-13 17:02:50'),
(7, 43, '2024-04-13 17:02:47'),
(7, 44, '2024-04-13 17:02:53'),
(7, 45, '2024-04-13 17:02:48'),
(7, 46, '2024-04-13 17:02:56'),
(7, 48, '2024-04-13 17:02:47'),
(7, 50, '2024-04-13 17:02:49'),
(8, 1, '2024-04-13 17:02:51'),
(8, 2, '2024-04-13 17:02:55'),
(8, 3, '2024-04-13 17:02:56'),
(8, 4, '2024-04-13 17:02:55'),
(8, 5, '2024-04-13 17:02:53'),
(8, 6, '2024-04-13 17:02:56'),
(8, 8, '2024-04-13 17:02:56'),
(8, 9, '2024-04-13 17:02:53'),
(8, 10, '2024-04-13 17:02:48'),
(8, 11, '2024-04-13 17:02:48'),
(8, 12, '2024-04-13 17:02:54'),
(8, 13, '2024-04-13 17:02:48'),
(8, 14, '2024-04-13 17:02:51'),
(8, 15, '2024-04-13 17:02:50'),
(8, 17, '2024-04-13 17:02:47'),
(8, 18, '2024-04-13 17:02:50'),
(8, 21, '2024-04-13 17:02:53'),
(8, 22, '2024-04-13 17:02:51'),
(8, 23, '2024-04-13 17:02:47'),
(8, 25, '2024-04-13 17:02:51'),
(8, 26, '2024-04-13 17:02:47'),
(8, 27, '2024-04-13 17:02:56'),
(8, 29, '2024-04-13 17:02:49'),
(8, 30, '2024-04-13 17:02:47'),
(8, 31, '2024-04-13 17:02:56'),
(8, 32, '2024-04-13 17:02:47'),
(8, 33, '2024-04-13 17:02:55'),
(8, 34, '2024-04-13 17:02:50'),
(8, 36, '2024-04-13 17:02:56'),
(8, 39, '2024-04-13 17:02:50'),
(8, 40, '2024-04-13 17:02:56'),
(8, 41, '2024-04-13 17:02:53'),
(8, 42, '2024-04-13 17:02:47'),
(8, 44, '2024-04-13 17:02:54'),
(8, 45, '2024-04-13 17:02:53'),
(8, 49, '2024-04-13 17:02:47'),
(9, 2, '2024-04-13 17:02:53'),
(9, 3, '2024-04-13 17:02:50'),
(9, 5, '2024-04-13 17:02:51'),
(9, 6, '2024-04-13 17:02:50'),
(9, 8, '2024-04-13 17:02:56'),
(9, 9, '2024-04-13 17:02:55'),
(9, 10, '2024-04-13 17:02:54'),
(9, 11, '2024-04-13 17:02:55'),
(9, 13, '2024-04-13 17:02:52'),
(9, 14, '2024-04-13 17:02:48'),
(9, 16, '2024-04-13 17:02:49'),
(9, 17, '2024-04-13 17:02:48'),
(9, 18, '2024-04-13 17:02:51'),
(9, 19, '2024-04-13 17:02:48'),
(9, 20, '2024-04-13 17:02:48'),
(9, 21, '2024-04-13 17:02:48'),
(9, 22, '2024-04-13 17:02:54'),
(9, 24, '2024-04-13 17:02:52'),
(9, 25, '2024-04-13 17:02:56'),
(9, 26, '2024-04-13 17:02:50'),
(9, 27, '2024-04-13 17:02:55'),
(9, 28, '2024-04-13 17:02:56'),
(9, 29, '2024-04-13 17:02:50'),
(9, 33, '2024-04-13 17:02:50'),
(9, 35, '2024-04-13 17:02:51'),
(9, 36, '2024-04-13 17:02:51'),
(9, 37, '2024-04-13 17:02:49'),
(9, 38, '2024-04-13 17:02:49'),
(9, 39, '2024-04-13 17:02:55'),
(9, 40, '2024-04-13 17:02:51'),
(9, 41, '2024-04-13 17:02:50'),
(9, 42, '2024-04-13 17:02:51'),
(9, 43, '2024-04-13 17:02:56'),
(9, 44, '2024-04-13 17:02:54'),
(9, 45, '2024-04-13 17:02:47'),
(9, 46, '2024-04-13 17:02:49'),
(9, 47, '2024-04-13 17:02:53'),
(9, 48, '2024-04-13 17:02:47'),
(9, 49, '2024-04-13 17:02:54'),
(9, 50, '2024-04-13 17:02:54'),
(10, 1, '2024-04-13 17:02:53'),
(10, 4, '2024-04-13 17:02:49'),
(10, 5, '2024-04-13 17:02:52'),
(10, 6, '2024-04-13 17:02:49'),
(10, 7, '2024-04-13 17:02:53'),
(10, 9, '2024-04-13 17:02:56'),
(10, 12, '2024-04-13 17:02:49'),
(10, 13, '2024-04-13 17:02:56'),
(10, 14, '2024-04-13 17:02:51'),
(10, 16, '2024-04-13 17:02:48'),
(10, 18, '2024-04-13 17:02:51'),
(10, 19, '2024-04-13 17:02:49'),
(10, 20, '2024-04-13 17:02:47'),
(10, 21, '2024-04-13 17:02:55'),
(10, 22, '2024-04-13 17:02:56'),
(10, 23, '2024-04-13 17:02:56'),
(10, 25, '2024-04-13 17:02:47'),
(10, 26, '2024-04-13 17:02:55'),
(10, 27, '2024-04-13 17:02:53'),
(10, 28, '2024-04-13 17:02:51'),
(10, 29, '2024-04-13 17:02:51'),
(10, 31, '2024-04-13 17:02:48'),
(10, 32, '2024-04-13 17:02:55'),
(10, 33, '2024-04-13 17:02:55'),
(10, 35, '2024-04-13 17:02:49'),
(10, 36, '2024-04-13 17:02:49'),
(10, 37, '2024-04-13 17:02:52'),
(10, 38, '2024-04-13 17:02:47'),
(10, 40, '2024-04-13 17:02:54'),
(10, 41, '2024-04-13 17:02:53'),
(10, 42, '2024-04-13 17:02:48'),
(10, 43, '2024-04-13 17:02:55'),
(10, 44, '2024-04-13 17:02:56'),
(10, 45, '2024-04-13 17:02:52'),
(10, 46, '2024-04-13 17:02:48'),
(10, 47, '2024-04-13 17:02:57'),
(10, 50, '2024-04-13 17:02:47'),
(11, 2, '2024-04-13 17:02:55'),
(11, 3, '2024-04-13 17:02:47'),
(11, 4, '2024-04-13 17:02:55'),
(11, 5, '2024-04-13 17:02:53'),
(11, 8, '2024-04-13 17:02:54'),
(11, 9, '2024-04-13 17:02:56'),
(11, 14, '2024-04-13 17:02:56'),
(11, 15, '2024-04-13 17:02:53'),
(11, 16, '2024-04-13 17:02:50'),
(11, 17, '2024-04-13 17:02:49'),
(11, 18, '2024-04-13 17:02:48'),
(11, 21, '2024-04-13 17:02:49'),
(11, 22, '2024-04-13 17:02:47'),
(11, 23, '2024-04-13 17:02:48'),
(11, 24, '2024-04-13 17:02:48'),
(11, 26, '2024-04-13 17:02:55'),
(11, 28, '2024-04-13 17:02:54'),
(11, 29, '2024-04-13 17:02:49'),
(11, 30, '2024-04-13 17:02:49'),
(11, 31, '2024-04-13 17:02:55'),
(11, 32, '2024-04-13 17:02:49'),
(11, 33, '2024-04-13 17:02:54'),
(11, 34, '2024-04-13 17:02:56'),
(11, 35, '2024-04-13 17:02:55'),
(11, 36, '2024-04-13 17:02:51'),
(11, 38, '2024-04-13 17:02:54'),
(11, 39, '2024-04-13 17:02:47'),
(11, 40, '2024-04-13 17:02:47'),
(11, 41, '2024-04-13 17:02:56'),
(11, 42, '2024-04-13 17:02:47'),
(11, 43, '2024-04-13 17:02:50'),
(11, 44, '2024-04-13 17:02:54'),
(11, 45, '2024-04-13 17:02:57'),
(11, 46, '2024-04-13 17:02:51'),
(11, 47, '2024-04-13 17:02:55'),
(11, 48, '2024-04-13 17:02:48'),
(11, 49, '2024-04-13 17:02:55'),
(11, 50, '2024-04-13 17:02:55'),
(12, 1, '2024-04-13 17:02:54'),
(12, 2, '2024-04-13 17:02:51'),
(12, 3, '2024-04-13 17:02:55'),
(12, 4, '2024-04-13 17:02:55'),
(12, 5, '2024-04-13 17:02:55'),
(12, 6, '2024-04-13 17:02:52'),
(12, 7, '2024-04-13 17:02:47'),
(12, 8, '2024-04-13 17:02:51'),
(12, 9, '2024-04-13 17:02:48'),
(12, 10, '2024-04-13 17:02:50'),
(12, 11, '2024-04-13 17:02:50'),
(12, 12, '2024-04-13 17:02:48'),
(12, 13, '2024-04-13 17:02:51'),
(12, 14, '2024-04-13 17:02:49'),
(12, 16, '2024-04-13 17:02:50'),
(12, 17, '2024-04-13 17:02:54'),
(12, 18, '2024-04-13 17:02:55'),
(12, 19, '2024-04-13 17:02:54'),
(12, 22, '2024-04-13 17:02:54'),
(12, 24, '2024-04-13 17:02:50'),
(12, 26, '2024-04-13 17:02:52'),
(12, 28, '2024-04-13 17:02:54'),
(12, 29, '2024-04-13 17:02:56'),
(12, 32, '2024-04-13 17:02:52'),
(12, 33, '2024-04-13 17:02:50'),
(12, 34, '2024-04-13 17:02:50'),
(12, 37, '2024-04-13 17:02:53'),
(12, 38, '2024-04-13 17:02:47'),
(12, 40, '2024-04-13 17:02:52'),
(12, 41, '2024-04-13 17:02:56'),
(12, 42, '2024-04-13 17:02:53'),
(12, 43, '2024-04-13 17:02:53'),
(12, 45, '2024-04-13 17:02:50'),
(12, 46, '2024-04-13 17:02:47'),
(12, 47, '2024-04-13 17:02:56'),
(12, 48, '2024-04-13 17:02:49'),
(12, 49, '2024-04-13 17:02:54'),
(12, 50, '2024-04-13 17:02:55'),
(13, 1, '2024-04-13 17:02:54'),
(13, 4, '2024-04-13 17:02:51'),
(13, 5, '2024-04-13 17:02:53'),
(13, 6, '2024-04-13 17:02:55'),
(13, 7, '2024-04-13 17:02:53'),
(13, 8, '2024-04-13 17:02:50'),
(13, 9, '2024-04-13 17:02:56'),
(13, 10, '2024-04-13 17:02:54'),
(13, 12, '2024-04-13 17:02:52'),
(13, 14, '2024-04-13 17:02:47'),
(13, 15, '2024-04-13 17:02:47'),
(13, 18, '2024-04-13 17:02:55'),
(13, 19, '2024-04-13 17:02:56'),
(13, 20, '2024-04-13 17:02:51'),
(13, 22, '2024-04-13 17:02:55'),
(13, 25, '2024-04-13 17:02:52'),
(13, 27, '2024-04-13 17:02:48'),
(13, 28, '2024-04-13 17:02:47'),
(13, 30, '2024-04-13 17:02:49'),
(13, 31, '2024-04-13 17:02:54'),
(13, 32, '2024-04-13 17:02:52'),
(13, 33, '2024-04-13 17:02:56'),
(13, 35, '2024-04-13 17:02:51'),
(13, 37, '2024-04-13 17:02:51'),
(13, 38, '2024-04-13 17:02:52'),
(13, 39, '2024-04-13 17:02:55'),
(13, 41, '2024-04-13 17:02:48'),
(13, 44, '2024-04-13 17:02:53'),
(13, 45, '2024-04-13 17:02:53'),
(13, 46, '2024-04-13 17:02:47'),
(13, 47, '2024-04-13 17:02:52'),
(13, 48, '2024-04-13 17:02:48'),
(13, 49, '2024-04-13 17:02:47'),
(13, 50, '2024-04-13 17:02:47'),
(14, 2, '2024-04-13 17:02:53'),
(14, 3, '2024-04-13 17:02:54'),
(14, 5, '2024-04-13 17:02:56'),
(14, 6, '2024-04-13 17:02:54'),
(14, 7, '2024-04-13 17:02:56'),
(14, 9, '2024-04-13 17:02:49'),
(14, 11, '2024-04-13 17:02:50'),
(14, 12, '2024-04-13 17:02:47'),
(14, 15, '2024-04-13 17:02:56'),
(14, 16, '2024-04-13 17:02:55'),
(14, 17, '2024-04-13 17:02:52'),
(14, 18, '2024-04-13 17:02:50'),
(14, 19, '2024-04-13 17:02:54'),
(14, 20, '2024-04-13 17:02:52'),
(14, 21, '2024-04-13 17:02:56'),
(14, 22, '2024-04-13 17:02:47'),
(14, 25, '2024-04-13 17:02:50'),
(14, 28, '2024-04-13 17:02:51'),
(14, 29, '2024-04-13 17:02:52'),
(14, 30, '2024-04-13 17:02:50'),
(14, 32, '2024-04-13 17:02:50'),
(14, 33, '2024-04-13 17:02:54'),
(14, 34, '2024-04-13 17:02:48'),
(14, 36, '2024-04-13 17:02:51'),
(14, 38, '2024-04-13 17:02:56'),
(14, 39, '2024-04-13 17:02:53'),
(14, 40, '2024-04-13 17:02:56'),
(14, 41, '2024-04-13 17:02:55'),
(14, 43, '2024-04-13 17:02:48'),
(14, 45, '2024-04-13 17:02:48'),
(14, 46, '2024-04-13 17:02:49'),
(14, 47, '2024-04-13 17:02:54'),
(14, 48, '2024-04-13 17:02:54'),
(14, 49, '2024-04-13 17:02:47'),
(14, 50, '2024-04-13 17:02:47'),
(15, 1, '2024-04-13 17:02:53'),
(15, 2, '2024-04-13 17:02:56'),
(15, 3, '2024-04-13 17:02:49'),
(15, 4, '2024-04-13 17:02:49'),
(15, 5, '2024-04-13 17:02:49'),
(15, 6, '2024-04-13 17:02:52'),
(15, 7, '2024-04-13 17:02:50'),
(15, 8, '2024-04-13 17:02:49'),
(15, 10, '2024-04-13 17:02:55'),
(15, 11, '2024-04-13 17:02:50'),
(15, 12, '2024-04-13 17:02:52'),
(15, 15, '2024-04-13 17:02:56'),
(15, 16, '2024-04-13 17:02:50'),
(15, 17, '2024-04-13 17:02:50'),
(15, 20, '2024-04-13 17:02:47'),
(15, 21, '2024-04-13 17:02:47'),
(15, 22, '2024-04-13 17:02:48'),
(15, 23, '2024-04-13 17:02:52'),
(15, 24, '2024-04-13 17:02:49'),
(15, 25, '2024-04-13 17:02:49'),
(15, 27, '2024-04-13 17:02:52'),
(15, 29, '2024-04-13 17:02:52'),
(15, 34, '2024-04-13 17:02:49'),
(15, 35, '2024-04-13 17:02:54'),
(15, 36, '2024-04-13 17:02:48'),
(15, 37, '2024-04-13 17:02:47'),
(15, 38, '2024-04-13 17:02:47'),
(15, 39, '2024-04-13 17:02:50'),
(15, 40, '2024-04-13 17:02:53'),
(15, 42, '2024-04-13 17:02:52'),
(15, 43, '2024-04-13 17:02:51'),
(15, 45, '2024-04-13 17:02:55'),
(15, 46, '2024-04-13 17:02:56'),
(15, 47, '2024-04-13 17:02:47'),
(15, 48, '2024-04-13 17:02:54'),
(15, 49, '2024-04-13 17:02:51'),
(15, 50, '2024-04-13 17:02:52'),
(16, 1, '2024-04-13 17:02:47'),
(16, 2, '2024-04-13 17:02:48'),
(16, 3, '2024-04-13 17:02:51'),
(16, 5, '2024-04-13 17:02:54'),
(16, 6, '2024-04-13 17:02:50'),
(16, 9, '2024-04-13 17:02:50'),
(16, 10, '2024-04-13 17:02:52'),
(16, 11, '2024-04-13 17:02:48'),
(16, 12, '2024-04-13 17:02:48'),
(16, 14, '2024-04-13 17:02:48'),
(16, 15, '2024-04-13 17:02:52'),
(16, 16, '2024-04-13 17:02:56'),
(16, 17, '2024-04-13 17:02:55'),
(16, 18, '2024-04-13 17:02:49'),
(16, 19, '2024-04-13 17:02:56'),
(16, 20, '2024-04-13 17:02:49'),
(16, 21, '2024-04-13 17:02:53'),
(16, 22, '2024-04-13 17:02:55'),
(16, 24, '2024-04-13 17:02:55'),
(16, 25, '2024-04-13 17:02:54'),
(16, 26, '2024-04-13 17:02:56'),
(16, 29, '2024-04-13 17:02:49'),
(16, 30, '2024-04-13 17:02:52'),
(16, 31, '2024-04-13 17:02:47'),
(16, 32, '2024-04-13 17:02:48'),
(16, 33, '2024-04-13 17:02:47'),
(16, 34, '2024-04-13 17:02:54'),
(16, 36, '2024-04-13 17:02:50'),
(16, 37, '2024-04-13 17:02:49'),
(16, 38, '2024-04-13 17:02:53'),
(16, 39, '2024-04-13 17:02:51'),
(16, 43, '2024-04-13 17:02:51'),
(16, 44, '2024-04-13 17:02:57'),
(16, 46, '2024-04-13 17:02:53'),
(16, 47, '2024-04-13 17:02:47'),
(16, 48, '2024-04-13 17:02:48'),
(16, 49, '2024-04-13 17:02:53'),
(16, 50, '2024-04-13 17:02:49'),
(17, 2, '2024-04-13 17:02:51'),
(17, 3, '2024-04-13 17:02:56'),
(17, 4, '2024-04-13 17:02:51'),
(17, 6, '2024-04-13 17:02:52'),
(17, 7, '2024-04-13 17:02:51'),
(17, 8, '2024-04-13 17:02:47'),
(17, 9, '2024-04-13 17:02:53'),
(17, 10, '2024-04-13 17:02:53'),
(17, 12, '2024-04-13 17:02:52'),
(17, 13, '2024-04-13 17:02:49'),
(17, 15, '2024-04-13 17:02:55'),
(17, 16, '2024-04-13 17:02:49'),
(17, 18, '2024-04-13 17:02:54'),
(17, 19, '2024-04-13 17:02:51'),
(17, 22, '2024-04-13 17:02:55'),
(17, 23, '2024-04-13 17:02:55'),
(17, 24, '2024-04-13 17:02:52'),
(17, 26, '2024-04-13 17:02:53'),
(17, 27, '2024-04-13 17:02:54'),
(17, 31, '2024-04-13 17:02:49'),
(17, 32, '2024-04-13 17:02:49'),
(17, 33, '2024-04-13 17:02:51'),
(17, 35, '2024-04-13 17:02:47'),
(17, 36, '2024-04-13 17:02:50'),
(17, 37, '2024-04-13 17:02:49'),
(17, 39, '2024-04-13 17:02:50'),
(17, 40, '2024-04-13 17:02:54'),
(17, 41, '2024-04-13 17:02:52'),
(17, 42, '2024-04-13 17:02:55'),
(17, 44, '2024-04-13 17:02:51'),
(17, 45, '2024-04-13 17:02:55'),
(17, 47, '2024-04-13 17:02:52'),
(17, 48, '2024-04-13 17:02:48'),
(17, 49, '2024-04-13 17:02:54'),
(18, 1, '2024-04-13 17:02:48'),
(18, 3, '2024-04-13 17:02:52'),
(18, 4, '2024-04-13 17:02:55'),
(18, 7, '2024-04-13 17:02:56'),
(18, 8, '2024-04-13 17:02:48'),
(18, 9, '2024-04-13 17:02:54'),
(18, 10, '2024-04-13 17:02:56'),
(18, 12, '2024-04-13 17:02:51'),
(18, 13, '2024-04-13 17:02:55'),
(18, 14, '2024-04-13 17:02:52'),
(18, 15, '2024-04-13 17:02:53'),
(18, 16, '2024-04-13 17:02:55'),
(18, 17, '2024-04-13 17:02:51'),
(18, 18, '2024-04-13 17:02:47'),
(18, 19, '2024-04-13 17:02:47'),
(18, 20, '2024-04-13 17:02:49'),
(18, 21, '2024-04-13 17:02:47'),
(18, 22, '2024-04-13 17:02:55'),
(18, 24, '2024-04-13 17:02:55'),
(18, 26, '2024-04-13 17:02:55'),
(18, 27, '2024-04-13 17:02:52'),
(18, 28, '2024-04-13 17:02:49'),
(18, 29, '2024-04-13 17:02:52'),
(18, 31, '2024-04-13 17:02:50'),
(18, 32, '2024-04-13 17:02:50'),
(18, 33, '2024-04-13 17:02:50'),
(18, 36, '2024-04-13 17:02:55'),
(18, 37, '2024-04-13 17:02:54'),
(18, 39, '2024-04-13 17:02:55'),
(18, 41, '2024-04-13 17:02:50'),
(18, 42, '2024-04-13 17:02:47'),
(18, 43, '2024-04-13 17:02:48'),
(18, 44, '2024-04-13 17:02:51'),
(18, 46, '2024-04-13 17:02:55'),
(18, 47, '2024-04-13 17:02:51'),
(18, 49, '2024-04-13 17:02:51'),
(18, 50, '2024-04-13 17:02:47'),
(19, 1, '2024-04-13 17:02:52'),
(19, 2, '2024-04-13 17:02:54'),
(19, 3, '2024-04-13 17:02:54'),
(19, 4, '2024-04-13 17:02:48'),
(19, 5, '2024-04-13 17:02:55'),
(19, 6, '2024-04-13 17:02:49'),
(19, 7, '2024-04-13 17:02:55'),
(19, 8, '2024-04-13 17:02:48'),
(19, 11, '2024-04-13 17:02:52'),
(19, 12, '2024-04-13 17:02:55'),
(19, 13, '2024-04-13 17:02:47'),
(19, 14, '2024-04-13 17:02:54'),
(19, 15, '2024-04-13 17:02:50'),
(19, 16, '2024-04-13 17:02:53'),
(19, 18, '2024-04-13 17:02:52'),
(19, 19, '2024-04-13 17:02:52'),
(19, 20, '2024-04-13 17:02:47'),
(19, 21, '2024-04-13 17:02:49'),
(19, 23, '2024-04-13 17:02:48'),
(19, 25, '2024-04-13 17:02:51'),
(19, 26, '2024-04-13 17:02:48'),
(19, 28, '2024-04-13 17:02:51'),
(19, 29, '2024-04-13 17:02:56'),
(19, 30, '2024-04-13 17:02:47'),
(19, 33, '2024-04-13 17:02:50'),
(19, 34, '2024-04-13 17:02:49'),
(19, 38, '2024-04-13 17:02:47'),
(19, 39, '2024-04-13 17:02:52'),
(19, 40, '2024-04-13 17:02:52'),
(19, 41, '2024-04-13 17:02:54'),
(19, 42, '2024-04-13 17:02:54'),
(19, 43, '2024-04-13 17:02:48'),
(19, 44, '2024-04-13 17:02:52'),
(19, 45, '2024-04-13 17:02:51'),
(19, 46, '2024-04-13 17:02:56'),
(19, 47, '2024-04-13 17:02:48'),
(19, 50, '2024-04-13 17:02:50'),
(20, 1, '2024-04-13 17:02:53'),
(20, 3, '2024-04-13 17:02:47'),
(20, 4, '2024-04-13 17:02:47'),
(20, 8, '2024-04-13 17:02:48'),
(20, 9, '2024-04-13 17:02:55'),
(20, 10, '2024-04-13 17:02:49'),
(20, 11, '2024-04-13 17:02:55'),
(20, 12, '2024-04-13 17:02:47'),
(20, 13, '2024-04-13 17:02:56'),
(20, 14, '2024-04-13 17:02:50'),
(20, 15, '2024-04-13 17:02:54'),
(20, 16, '2024-04-13 17:02:49'),
(20, 18, '2024-04-13 17:02:52'),
(20, 19, '2024-04-13 17:02:53'),
(20, 20, '2024-04-13 17:02:50'),
(20, 21, '2024-04-13 17:02:51'),
(20, 22, '2024-04-13 17:02:52'),
(20, 23, '2024-04-13 17:02:49'),
(20, 24, '2024-04-13 17:02:48'),
(20, 26, '2024-04-13 17:02:55'),
(20, 27, '2024-04-13 17:02:47'),
(20, 28, '2024-04-13 17:02:56'),
(20, 30, '2024-04-13 17:02:47'),
(20, 31, '2024-04-13 17:02:54'),
(20, 32, '2024-04-13 17:02:47'),
(20, 33, '2024-04-13 17:02:48'),
(20, 35, '2024-04-13 17:02:53'),
(20, 36, '2024-04-13 17:02:53'),
(20, 37, '2024-04-13 17:02:48'),
(20, 38, '2024-04-13 17:02:48'),
(20, 39, '2024-04-13 17:02:53'),
(20, 40, '2024-04-13 17:02:52'),
(20, 41, '2024-04-13 17:02:48'),
(20, 42, '2024-04-13 17:02:48'),
(20, 43, '2024-04-13 17:02:48'),
(20, 44, '2024-04-13 17:02:48'),
(20, 45, '2024-04-13 17:02:52'),
(20, 46, '2024-04-13 17:02:54'),
(20, 48, '2024-04-13 17:02:49'),
(20, 49, '2024-04-13 17:02:47'),
(20, 50, '2024-04-13 17:02:53'),
(21, 1, '2024-04-13 17:02:52'),
(21, 2, '2024-04-13 17:02:54'),
(21, 3, '2024-04-13 17:02:48'),
(21, 4, '2024-04-13 17:02:54'),
(21, 5, '2024-04-13 17:02:56'),
(21, 7, '2024-04-13 17:02:48'),
(21, 8, '2024-04-13 17:02:48'),
(21, 9, '2024-04-13 17:02:47'),
(21, 10, '2024-04-13 17:02:49'),
(21, 11, '2024-04-13 17:02:52'),
(21, 12, '2024-04-13 17:02:52'),
(21, 14, '2024-04-13 17:02:51'),
(21, 15, '2024-04-13 17:02:48'),
(21, 16, '2024-04-13 17:02:51'),
(21, 18, '2024-04-13 17:02:48'),
(21, 19, '2024-04-13 17:02:49'),
(21, 20, '2024-04-13 17:02:50'),
(21, 23, '2024-04-13 17:02:54'),
(21, 24, '2024-04-13 17:02:50'),
(21, 27, '2024-04-13 17:02:48'),
(21, 28, '2024-04-13 17:02:50'),
(21, 29, '2024-04-13 17:02:54'),
(21, 30, '2024-04-13 17:02:49'),
(21, 34, '2024-04-13 17:02:55'),
(21, 35, '2024-04-13 17:02:47'),
(21, 36, '2024-04-13 17:02:53'),
(21, 38, '2024-04-13 17:02:53'),
(21, 39, '2024-04-13 17:02:47'),
(21, 41, '2024-04-13 17:02:56'),
(21, 42, '2024-04-13 17:02:53'),
(21, 47, '2024-04-13 17:02:53'),
(21, 48, '2024-04-13 17:02:50'),
(21, 49, '2024-04-13 17:02:56'),
(21, 50, '2024-04-13 17:02:55'),
(22, 1, '2024-04-13 17:02:53'),
(22, 2, '2024-04-13 17:02:50'),
(22, 3, '2024-04-13 17:02:53'),
(22, 4, '2024-04-13 17:02:54'),
(22, 5, '2024-04-13 17:02:48'),
(22, 7, '2024-04-13 17:02:47'),
(22, 8, '2024-04-13 17:02:51'),
(22, 10, '2024-04-13 17:02:48'),
(22, 12, '2024-04-13 17:02:52'),
(22, 13, '2024-04-13 17:02:47'),
(22, 17, '2024-04-13 17:02:49'),
(22, 18, '2024-04-13 17:02:50'),
(22, 20, '2024-04-13 17:02:51'),
(22, 21, '2024-04-13 17:02:47'),
(22, 22, '2024-04-13 17:02:54'),
(22, 24, '2024-04-13 17:02:52'),
(22, 25, '2024-04-13 17:02:52'),
(22, 26, '2024-04-13 17:02:55'),
(22, 27, '2024-04-13 17:02:49'),
(22, 28, '2024-04-13 17:02:55'),
(22, 29, '2024-04-13 17:02:53'),
(22, 30, '2024-04-13 17:02:54'),
(22, 31, '2024-04-13 17:02:47'),
(22, 32, '2024-04-13 17:02:49'),
(22, 33, '2024-04-13 17:02:54'),
(22, 34, '2024-04-13 17:02:48'),
(22, 35, '2024-04-13 17:02:52'),
(22, 36, '2024-04-13 17:02:56'),
(22, 37, '2024-04-13 17:02:53'),
(22, 38, '2024-04-13 17:02:54'),
(22, 39, '2024-04-13 17:02:50'),
(22, 40, '2024-04-13 17:02:55'),
(22, 41, '2024-04-13 17:02:47'),
(22, 43, '2024-04-13 17:02:48'),
(22, 44, '2024-04-13 17:02:47'),
(22, 45, '2024-04-13 17:02:53'),
(22, 46, '2024-04-13 17:02:52'),
(22, 47, '2024-04-13 17:02:52'),
(22, 48, '2024-04-13 17:02:52'),
(22, 49, '2024-04-13 17:02:48'),
(23, 2, '2024-04-13 17:02:51'),
(23, 3, '2024-04-13 17:02:52'),
(23, 4, '2024-04-13 17:02:55'),
(23, 5, '2024-04-13 17:02:55'),
(23, 6, '2024-04-13 17:02:56'),
(23, 7, '2024-04-13 17:02:47'),
(23, 8, '2024-04-13 17:02:51'),
(23, 9, '2024-04-13 17:02:51'),
(23, 11, '2024-04-13 17:02:47'),
(23, 12, '2024-04-13 17:02:53'),
(23, 14, '2024-04-13 17:02:52'),
(23, 15, '2024-04-13 17:02:54'),
(23, 16, '2024-04-13 17:02:47'),
(23, 17, '2024-04-13 17:02:52'),
(23, 18, '2024-04-13 17:02:50'),
(23, 19, '2024-04-13 17:02:55'),
(23, 20, '2024-04-13 17:02:51'),
(23, 21, '2024-04-13 17:02:56'),
(23, 22, '2024-04-13 17:02:51'),
(23, 23, '2024-04-13 17:02:56'),
(23, 24, '2024-04-13 17:02:54'),
(23, 25, '2024-04-13 17:02:56'),
(23, 26, '2024-04-13 17:02:49'),
(23, 27, '2024-04-13 17:02:57'),
(23, 29, '2024-04-13 17:02:55'),
(23, 32, '2024-04-13 17:02:53'),
(23, 33, '2024-04-13 17:02:53'),
(23, 34, '2024-04-13 17:02:50'),
(23, 35, '2024-04-13 17:02:48'),
(23, 36, '2024-04-13 17:02:56'),
(23, 37, '2024-04-13 17:02:52'),
(23, 39, '2024-04-13 17:02:51'),
(23, 43, '2024-04-13 17:02:50'),
(23, 44, '2024-04-13 17:02:47'),
(23, 45, '2024-04-13 17:02:48'),
(23, 46, '2024-04-13 17:02:49'),
(23, 47, '2024-04-13 17:02:50'),
(23, 48, '2024-04-13 17:02:56'),
(23, 49, '2024-04-13 17:02:56'),
(23, 50, '2024-04-13 17:02:47'),
(24, 1, '2024-04-13 17:02:54'),
(24, 2, '2024-04-13 17:02:47'),
(24, 5, '2024-04-13 17:02:50'),
(24, 6, '2024-04-13 17:02:55'),
(24, 7, '2024-04-13 17:02:50'),
(24, 8, '2024-04-13 17:02:47'),
(24, 9, '2024-04-13 17:02:50'),
(24, 10, '2024-04-13 17:02:49'),
(24, 11, '2024-04-13 17:02:53'),
(24, 12, '2024-04-13 17:02:49'),
(24, 13, '2024-04-13 17:02:48'),
(24, 14, '2024-04-13 17:02:54'),
(24, 15, '2024-04-13 17:02:51'),
(24, 16, '2024-04-13 17:02:48'),
(24, 17, '2024-04-13 17:02:56'),
(24, 19, '2024-04-13 17:02:52'),
(24, 20, '2024-04-13 17:02:48'),
(24, 21, '2024-04-13 17:02:51'),
(24, 22, '2024-04-13 17:02:56'),
(24, 23, '2024-04-13 17:02:56'),
(24, 24, '2024-04-13 17:02:56'),
(24, 25, '2024-04-13 17:02:53'),
(24, 26, '2024-04-13 17:02:48'),
(24, 27, '2024-04-13 17:02:51'),
(24, 28, '2024-04-13 17:02:50'),
(24, 29, '2024-04-13 17:02:51'),
(24, 30, '2024-04-13 17:02:51'),
(24, 31, '2024-04-13 17:02:53'),
(24, 32, '2024-04-13 17:02:55'),
(24, 33, '2024-04-13 17:02:56'),
(24, 35, '2024-04-13 17:02:48'),
(24, 38, '2024-04-13 17:02:51'),
(24, 40, '2024-04-13 17:02:47'),
(24, 41, '2024-04-13 17:02:49'),
(24, 42, '2024-04-13 17:02:52'),
(24, 43, '2024-04-13 17:02:55'),
(24, 44, '2024-04-13 17:02:56'),
(24, 45, '2024-04-13 17:02:54'),
(24, 46, '2024-04-13 17:02:52'),
(24, 47, '2024-04-13 17:02:54'),
(24, 49, '2024-04-13 17:02:55'),
(25, 1, '2024-04-13 17:02:48'),
(25, 2, '2024-04-13 17:02:52'),
(25, 3, '2024-04-13 17:02:50'),
(25, 5, '2024-04-13 17:02:50'),
(25, 6, '2024-04-13 17:02:53'),
(25, 8, '2024-04-13 17:02:55'),
(25, 9, '2024-04-13 17:02:47'),
(25, 10, '2024-04-13 17:02:48'),
(25, 13, '2024-04-13 17:02:54'),
(25, 14, '2024-04-13 17:02:55'),
(25, 15, '2024-04-13 17:02:53'),
(25, 16, '2024-04-13 17:02:47'),
(25, 17, '2024-04-13 17:02:47'),
(25, 20, '2024-04-13 17:02:55'),
(25, 21, '2024-04-13 17:02:48'),
(25, 24, '2024-04-13 17:02:55'),
(25, 25, '2024-04-13 17:02:52'),
(25, 27, '2024-04-13 17:02:47'),
(25, 30, '2024-04-13 17:02:55'),
(25, 31, '2024-04-13 17:02:55'),
(25, 32, '2024-04-13 17:02:52'),
(25, 33, '2024-04-13 17:02:48'),
(25, 34, '2024-04-13 17:02:48'),
(25, 36, '2024-04-13 17:02:49'),
(25, 38, '2024-04-13 17:02:55'),
(25, 39, '2024-04-13 17:02:52'),
(25, 40, '2024-04-13 17:02:55'),
(25, 42, '2024-04-13 17:02:53'),
(25, 44, '2024-04-13 17:02:51'),
(25, 45, '2024-04-13 17:02:56'),
(25, 47, '2024-04-13 17:02:51'),
(25, 50, '2024-04-13 17:02:54'),
(26, 1, '2024-04-13 17:02:50'),
(26, 2, '2024-04-13 17:02:55'),
(26, 3, '2024-04-13 17:02:52'),
(26, 4, '2024-04-13 17:02:47'),
(26, 6, '2024-04-13 17:02:52'),
(26, 7, '2024-04-13 17:02:55'),
(26, 8, '2024-04-13 17:02:53'),
(26, 9, '2024-04-13 17:02:53'),
(26, 10, '2024-04-13 17:02:56'),
(26, 12, '2024-04-13 17:02:54'),
(26, 13, '2024-04-13 17:02:50'),
(26, 14, '2024-04-13 17:02:47'),
(26, 15, '2024-04-13 17:02:50'),
(26, 16, '2024-04-13 17:02:51'),
(26, 17, '2024-04-13 17:02:54'),
(26, 18, '2024-04-13 17:02:49'),
(26, 20, '2024-04-13 17:02:47'),
(26, 21, '2024-04-13 17:02:55'),
(26, 23, '2024-04-13 17:02:48'),
(26, 24, '2024-04-13 17:02:53'),
(26, 27, '2024-04-13 17:02:55'),
(26, 30, '2024-04-13 17:02:47'),
(26, 33, '2024-04-13 17:02:53'),
(26, 34, '2024-04-13 17:02:51'),
(26, 35, '2024-04-13 17:02:47'),
(26, 36, '2024-04-13 17:02:54'),
(26, 37, '2024-04-13 17:02:52'),
(26, 38, '2024-04-13 17:02:52'),
(26, 42, '2024-04-13 17:02:52'),
(26, 43, '2024-04-13 17:02:47'),
(26, 44, '2024-04-13 17:02:47'),
(26, 45, '2024-04-13 17:02:48'),
(26, 46, '2024-04-13 17:02:51'),
(26, 49, '2024-04-13 17:02:53'),
(26, 50, '2024-04-13 17:02:54'),
(27, 1, '2024-04-13 17:02:47'),
(27, 2, '2024-04-13 17:02:51'),
(27, 4, '2024-04-13 17:02:48'),
(27, 5, '2024-04-13 17:02:47'),
(27, 6, '2024-04-13 17:02:52'),
(27, 7, '2024-04-13 17:02:54'),
(27, 9, '2024-04-13 17:02:53'),
(27, 11, '2024-04-13 17:02:47'),
(27, 12, '2024-04-13 17:02:55'),
(27, 13, '2024-04-13 17:02:47'),
(27, 14, '2024-04-13 17:02:52'),
(27, 15, '2024-04-13 17:02:55'),
(27, 16, '2024-04-13 17:02:48'),
(27, 19, '2024-04-13 17:02:50'),
(27, 20, '2024-04-13 17:02:55'),
(27, 21, '2024-04-13 17:02:48'),
(27, 22, '2024-04-13 17:02:53'),
(27, 24, '2024-04-13 17:02:53'),
(27, 25, '2024-04-13 17:02:47'),
(27, 26, '2024-04-13 17:02:53'),
(27, 27, '2024-04-13 17:02:54'),
(27, 28, '2024-04-13 17:02:47'),
(27, 29, '2024-04-13 17:02:54'),
(27, 31, '2024-04-13 17:02:50'),
(27, 32, '2024-04-13 17:02:52'),
(27, 33, '2024-04-13 17:02:51'),
(27, 35, '2024-04-13 17:02:48'),
(27, 36, '2024-04-13 17:02:56'),
(27, 37, '2024-04-13 17:02:48'),
(27, 38, '2024-04-13 17:02:55'),
(27, 40, '2024-04-13 17:02:54'),
(27, 41, '2024-04-13 17:02:55'),
(27, 42, '2024-04-13 17:02:53'),
(27, 43, '2024-04-13 17:02:55'),
(27, 44, '2024-04-13 17:02:53'),
(27, 45, '2024-04-13 17:02:50'),
(27, 46, '2024-04-13 17:02:47'),
(27, 47, '2024-04-13 17:02:49'),
(27, 48, '2024-04-13 17:02:54'),
(27, 49, '2024-04-13 17:02:51'),
(27, 50, '2024-04-13 17:02:55'),
(28, 1, '2024-04-13 17:02:53'),
(28, 2, '2024-04-13 17:02:49'),
(28, 3, '2024-04-13 17:02:53'),
(28, 5, '2024-04-13 17:02:52'),
(28, 6, '2024-04-13 17:02:53'),
(28, 7, '2024-04-13 17:02:56'),
(28, 8, '2024-04-13 17:02:53'),
(28, 10, '2024-04-13 17:02:51'),
(28, 11, '2024-04-13 17:02:52'),
(28, 12, '2024-04-13 17:02:55'),
(28, 13, '2024-04-13 17:02:54'),
(28, 14, '2024-04-13 17:02:51'),
(28, 16, '2024-04-13 17:02:50'),
(28, 19, '2024-04-13 17:02:56'),
(28, 20, '2024-04-13 17:02:55'),
(28, 21, '2024-04-13 17:02:47'),
(28, 22, '2024-04-13 17:02:52'),
(28, 24, '2024-04-13 17:02:52'),
(28, 25, '2024-04-13 17:02:55'),
(28, 27, '2024-04-13 17:02:49'),
(28, 28, '2024-04-13 17:02:56'),
(28, 29, '2024-04-13 17:02:55'),
(28, 30, '2024-04-13 17:02:49'),
(28, 31, '2024-04-13 17:02:54'),
(28, 32, '2024-04-13 17:02:48'),
(28, 33, '2024-04-13 17:02:52'),
(28, 34, '2024-04-13 17:02:52'),
(28, 35, '2024-04-13 17:02:47'),
(28, 36, '2024-04-13 17:02:54'),
(28, 37, '2024-04-13 17:02:54'),
(28, 38, '2024-04-13 17:02:51'),
(28, 39, '2024-04-13 17:02:47'),
(28, 40, '2024-04-13 17:02:52'),
(28, 41, '2024-04-13 17:02:52'),
(28, 42, '2024-04-13 17:02:50'),
(28, 43, '2024-04-13 17:02:48'),
(28, 46, '2024-04-13 17:02:50'),
(28, 47, '2024-04-13 17:02:56'),
(28, 49, '2024-04-13 17:02:47'),
(28, 50, '2024-04-13 17:02:53'),
(29, 1, '2024-04-13 17:02:54'),
(29, 2, '2024-04-13 17:02:51'),
(29, 4, '2024-04-13 17:02:54'),
(29, 9, '2024-04-13 17:02:51'),
(29, 10, '2024-04-13 17:02:50'),
(29, 11, '2024-04-13 17:02:56'),
(29, 13, '2024-04-13 17:02:54'),
(29, 14, '2024-04-13 17:02:49'),
(29, 15, '2024-04-13 17:02:54'),
(29, 17, '2024-04-13 17:02:52'),
(29, 19, '2024-04-13 17:02:47'),
(29, 20, '2024-04-13 17:02:48'),
(29, 21, '2024-04-13 17:02:54'),
(29, 22, '2024-04-13 17:02:56'),
(29, 23, '2024-04-13 17:02:52'),
(29, 24, '2024-04-13 17:02:51'),
(29, 25, '2024-04-13 17:02:56'),
(29, 26, '2024-04-13 17:02:53'),
(29, 27, '2024-04-13 17:02:54'),
(29, 28, '2024-04-13 17:02:50'),
(29, 30, '2024-04-13 17:02:54'),
(29, 31, '2024-04-13 17:02:51'),
(29, 32, '2024-04-13 17:02:55'),
(29, 33, '2024-04-13 17:02:54'),
(29, 34, '2024-04-13 17:02:52'),
(29, 37, '2024-04-13 17:02:55'),
(29, 38, '2024-04-13 17:02:47'),
(29, 40, '2024-04-13 17:02:52'),
(29, 41, '2024-04-13 17:02:57'),
(29, 43, '2024-04-13 17:02:49'),
(29, 44, '2024-04-13 17:02:51'),
(29, 45, '2024-04-13 17:02:53'),
(29, 46, '2024-04-13 17:02:50'),
(29, 48, '2024-04-13 17:02:50'),
(29, 49, '2024-04-13 17:02:51'),
(29, 50, '2024-04-13 17:02:47'),
(30, 1, '2024-04-13 17:02:47'),
(30, 2, '2024-04-13 17:02:55'),
(30, 4, '2024-04-13 17:02:55'),
(30, 5, '2024-04-13 17:02:54'),
(30, 6, '2024-04-13 17:02:48'),
(30, 7, '2024-04-13 17:02:51'),
(30, 8, '2024-04-13 17:02:56'),
(30, 12, '2024-04-13 17:02:56'),
(30, 15, '2024-04-13 17:02:47'),
(30, 16, '2024-04-13 17:02:51'),
(30, 17, '2024-04-13 17:02:47'),
(30, 18, '2024-04-13 17:02:47'),
(30, 19, '2024-04-13 17:02:55'),
(30, 21, '2024-04-13 17:02:55'),
(30, 22, '2024-04-13 17:02:48'),
(30, 23, '2024-04-13 17:02:51'),
(30, 24, '2024-04-13 17:02:53'),
(30, 25, '2024-04-13 17:02:56'),
(30, 26, '2024-04-13 17:02:55'),
(30, 27, '2024-04-13 17:02:54'),
(30, 28, '2024-04-13 17:02:48'),
(30, 29, '2024-04-13 17:02:51'),
(30, 30, '2024-04-13 17:02:49'),
(30, 31, '2024-04-13 17:02:49'),
(30, 32, '2024-04-13 17:02:54'),
(30, 34, '2024-04-13 17:02:52'),
(30, 35, '2024-04-13 17:02:52'),
(30, 37, '2024-04-13 17:02:50'),
(30, 39, '2024-04-13 17:02:54'),
(30, 40, '2024-04-13 17:02:48'),
(30, 41, '2024-04-13 17:02:53'),
(30, 43, '2024-04-13 17:02:50'),
(30, 44, '2024-04-13 17:02:47'),
(30, 45, '2024-04-13 17:02:49'),
(30, 46, '2024-04-13 17:02:49'),
(30, 47, '2024-04-13 17:02:53'),
(30, 48, '2024-04-13 17:02:52'),
(30, 50, '2024-04-13 17:02:54'),
(31, 1, '2024-04-13 17:02:55'),
(31, 3, '2024-04-13 17:02:54'),
(31, 4, '2024-04-13 17:02:53'),
(31, 5, '2024-04-13 17:02:49'),
(31, 6, '2024-04-13 17:02:55'),
(31, 7, '2024-04-13 17:02:48'),
(31, 9, '2024-04-13 17:02:51'),
(31, 10, '2024-04-13 17:02:54'),
(31, 11, '2024-04-13 17:02:53'),
(31, 12, '2024-04-13 17:02:47'),
(31, 13, '2024-04-13 17:02:54'),
(31, 14, '2024-04-13 17:02:53'),
(31, 15, '2024-04-13 17:02:49'),
(31, 16, '2024-04-13 17:02:47'),
(31, 17, '2024-04-13 17:02:51'),
(31, 18, '2024-04-13 17:02:52'),
(31, 19, '2024-04-13 17:02:57'),
(31, 20, '2024-04-13 17:02:53'),
(31, 21, '2024-04-13 17:02:57'),
(31, 22, '2024-04-13 17:02:51'),
(31, 23, '2024-04-13 17:02:51'),
(31, 25, '2024-04-13 17:02:51'),
(31, 27, '2024-04-13 17:02:48'),
(31, 28, '2024-04-13 17:02:53'),
(31, 29, '2024-04-13 17:02:54'),
(31, 30, '2024-04-13 17:02:48'),
(31, 31, '2024-04-13 17:02:47'),
(31, 33, '2024-04-13 17:02:48'),
(31, 35, '2024-04-13 17:02:50'),
(31, 36, '2024-04-13 17:02:51'),
(31, 40, '2024-04-13 17:02:53'),
(31, 41, '2024-04-13 17:02:56'),
(31, 43, '2024-04-13 17:02:54'),
(31, 44, '2024-04-13 17:02:48'),
(31, 45, '2024-04-13 17:02:49'),
(31, 46, '2024-04-13 17:02:47'),
(31, 48, '2024-04-13 17:02:49'),
(31, 49, '2024-04-13 17:02:54'),
(31, 50, '2024-04-13 17:02:49'),
(32, 1, '2024-04-13 17:02:48'),
(32, 3, '2024-04-13 17:02:50'),
(32, 4, '2024-04-13 17:02:55'),
(32, 5, '2024-04-13 17:02:53'),
(32, 6, '2024-04-13 17:02:50'),
(32, 11, '2024-04-13 17:02:50'),
(32, 12, '2024-04-13 17:02:47'),
(32, 13, '2024-04-13 17:02:52'),
(32, 14, '2024-04-13 17:02:52'),
(32, 15, '2024-04-13 17:02:49'),
(32, 16, '2024-04-13 17:02:50'),
(32, 17, '2024-04-13 17:02:47'),
(32, 18, '2024-04-13 17:02:48'),
(32, 20, '2024-04-13 17:02:51'),
(32, 22, '2024-04-13 17:02:55'),
(32, 23, '2024-04-13 17:02:53'),
(32, 24, '2024-04-13 17:02:47'),
(32, 25, '2024-04-13 17:02:56'),
(32, 27, '2024-04-13 17:02:48'),
(32, 28, '2024-04-13 17:02:56'),
(32, 29, '2024-04-13 17:02:53'),
(32, 30, '2024-04-13 17:02:48'),
(32, 31, '2024-04-13 17:02:54'),
(32, 32, '2024-04-13 17:02:52'),
(32, 33, '2024-04-13 17:02:54'),
(32, 35, '2024-04-13 17:02:55'),
(32, 36, '2024-04-13 17:02:51'),
(32, 37, '2024-04-13 17:02:56'),
(32, 38, '2024-04-13 17:02:51'),
(32, 39, '2024-04-13 17:02:56'),
(32, 41, '2024-04-13 17:02:54'),
(32, 42, '2024-04-13 17:02:54'),
(32, 44, '2024-04-13 17:02:52'),
(32, 45, '2024-04-13 17:02:48'),
(32, 48, '2024-04-13 17:02:52'),
(32, 49, '2024-04-13 17:02:48'),
(32, 50, '2024-04-13 17:02:56'),
(33, 2, '2024-04-13 17:02:54'),
(33, 3, '2024-04-13 17:02:47'),
(33, 5, '2024-04-13 17:02:47'),
(33, 7, '2024-04-13 17:02:48'),
(33, 8, '2024-04-13 17:02:53'),
(33, 9, '2024-04-13 17:02:47'),
(33, 10, '2024-04-13 17:02:52'),
(33, 11, '2024-04-13 17:02:49'),
(33, 12, '2024-04-13 17:02:48'),
(33, 14, '2024-04-13 17:02:51'),
(33, 15, '2024-04-13 17:02:53'),
(33, 16, '2024-04-13 17:02:52'),
(33, 18, '2024-04-13 17:02:56'),
(33, 19, '2024-04-13 17:02:55'),
(33, 20, '2024-04-13 17:02:56'),
(33, 21, '2024-04-13 17:02:49'),
(33, 22, '2024-04-13 17:02:48'),
(33, 23, '2024-04-13 17:02:47'),
(33, 24, '2024-04-13 17:02:54'),
(33, 25, '2024-04-13 17:02:50'),
(33, 28, '2024-04-13 17:02:54'),
(33, 29, '2024-04-13 17:02:56'),
(33, 31, '2024-04-13 17:02:50'),
(33, 32, '2024-04-13 17:02:56'),
(33, 33, '2024-04-13 17:02:51'),
(33, 34, '2024-04-13 17:02:49'),
(33, 37, '2024-04-13 17:02:52'),
(33, 38, '2024-04-13 17:02:47'),
(33, 39, '2024-04-13 17:02:47'),
(33, 41, '2024-04-13 17:02:52'),
(33, 43, '2024-04-13 17:02:54'),
(33, 45, '2024-04-13 17:02:52'),
(33, 46, '2024-04-13 17:02:56'),
(33, 47, '2024-04-13 17:02:52'),
(33, 49, '2024-04-13 17:02:47'),
(34, 1, '2024-04-13 17:02:48'),
(34, 2, '2024-04-13 17:02:52'),
(34, 4, '2024-04-13 17:02:55'),
(34, 6, '2024-04-13 17:02:50'),
(34, 8, '2024-04-13 17:02:52'),
(34, 9, '2024-04-13 17:02:54'),
(34, 10, '2024-04-13 17:02:52'),
(34, 11, '2024-04-13 17:02:54'),
(34, 13, '2024-04-13 17:02:56'),
(34, 14, '2024-04-13 17:02:51'),
(34, 15, '2024-04-13 17:02:49'),
(34, 17, '2024-04-13 17:02:49'),
(34, 18, '2024-04-13 17:02:47'),
(34, 19, '2024-04-13 17:02:52'),
(34, 20, '2024-04-13 17:02:55'),
(34, 21, '2024-04-13 17:02:51'),
(34, 22, '2024-04-13 17:02:55'),
(34, 23, '2024-04-13 17:02:54'),
(34, 24, '2024-04-13 17:02:50'),
(34, 25, '2024-04-13 17:02:52'),
(34, 27, '2024-04-13 17:02:55'),
(34, 28, '2024-04-13 17:02:50'),
(34, 29, '2024-04-13 17:02:47'),
(34, 31, '2024-04-13 17:02:49'),
(34, 32, '2024-04-13 17:02:56'),
(34, 33, '2024-04-13 17:02:53'),
(34, 34, '2024-04-13 17:02:56'),
(34, 35, '2024-04-13 17:02:50'),
(34, 37, '2024-04-13 17:02:47'),
(34, 38, '2024-04-13 17:02:52'),
(34, 39, '2024-04-13 17:02:50'),
(34, 40, '2024-04-13 17:02:49'),
(34, 41, '2024-04-13 17:02:53'),
(34, 46, '2024-04-13 17:02:50'),
(34, 47, '2024-04-13 17:02:53'),
(34, 49, '2024-04-13 17:02:47'),
(34, 50, '2024-04-13 17:02:55'),
(35, 1, '2024-04-13 17:02:47'),
(35, 2, '2024-04-13 17:02:57'),
(35, 3, '2024-04-13 17:02:53'),
(35, 5, '2024-04-13 17:02:55'),
(35, 6, '2024-04-13 17:02:55'),
(35, 7, '2024-04-13 17:02:55'),
(35, 8, '2024-04-13 17:02:52'),
(35, 10, '2024-04-13 17:02:48'),
(35, 12, '2024-04-13 17:02:52'),
(35, 13, '2024-04-13 17:02:56'),
(35, 14, '2024-04-13 17:02:53'),
(35, 17, '2024-04-13 17:02:53'),
(35, 18, '2024-04-13 17:02:55'),
(35, 19, '2024-04-13 17:02:48'),
(35, 20, '2024-04-13 17:02:54'),
(35, 22, '2024-04-13 17:02:48'),
(35, 24, '2024-04-13 17:02:55'),
(35, 26, '2024-04-13 17:02:53'),
(35, 27, '2024-04-13 17:02:51'),
(35, 28, '2024-04-13 17:02:56'),
(35, 29, '2024-04-13 17:02:52'),
(35, 30, '2024-04-13 17:02:52'),
(35, 32, '2024-04-13 17:02:49'),
(35, 35, '2024-04-13 17:02:55'),
(35, 36, '2024-04-13 17:02:55'),
(35, 37, '2024-04-13 17:02:51'),
(35, 38, '2024-04-13 17:02:52'),
(35, 39, '2024-04-13 17:02:53'),
(35, 40, '2024-04-13 17:02:50'),
(35, 41, '2024-04-13 17:02:51'),
(35, 42, '2024-04-13 17:02:52'),
(35, 43, '2024-04-13 17:02:54'),
(35, 44, '2024-04-13 17:02:52'),
(35, 45, '2024-04-13 17:02:51'),
(35, 46, '2024-04-13 17:02:48'),
(35, 47, '2024-04-13 17:02:52'),
(35, 48, '2024-04-13 17:02:56'),
(35, 49, '2024-04-13 17:02:56'),
(35, 50, '2024-04-13 17:02:55'),
(36, 1, '2024-04-13 17:02:49'),
(36, 2, '2024-04-13 17:02:56'),
(36, 3, '2024-04-13 17:02:51'),
(36, 4, '2024-04-13 17:02:54'),
(36, 6, '2024-04-13 17:02:51'),
(36, 7, '2024-04-13 17:02:48'),
(36, 8, '2024-04-13 17:02:49'),
(36, 11, '2024-04-13 17:02:48'),
(36, 13, '2024-04-13 17:02:54'),
(36, 14, '2024-04-13 17:02:48'),
(36, 15, '2024-04-13 17:02:48'),
(36, 16, '2024-04-13 17:02:47'),
(36, 17, '2024-04-13 17:02:54'),
(36, 18, '2024-04-13 17:02:47'),
(36, 20, '2024-04-13 17:02:51'),
(36, 21, '2024-04-13 17:02:47'),
(36, 22, '2024-04-13 17:02:47'),
(36, 25, '2024-04-13 17:02:49'),
(36, 26, '2024-04-13 17:02:52'),
(36, 27, '2024-04-13 17:02:52'),
(36, 28, '2024-04-13 17:02:50'),
(36, 29, '2024-04-13 17:02:56'),
(36, 30, '2024-04-13 17:02:56'),
(36, 31, '2024-04-13 17:02:47'),
(36, 33, '2024-04-13 17:02:52'),
(36, 34, '2024-04-13 17:02:50'),
(36, 35, '2024-04-13 17:02:55'),
(36, 38, '2024-04-13 17:02:56'),
(36, 39, '2024-04-13 17:02:53'),
(36, 40, '2024-04-13 17:02:51'),
(36, 41, '2024-04-13 17:02:54'),
(36, 42, '2024-04-13 17:02:50'),
(36, 43, '2024-04-13 17:02:48'),
(36, 45, '2024-04-13 17:02:53'),
(36, 46, '2024-04-13 17:02:56'),
(36, 47, '2024-04-13 17:02:48'),
(36, 48, '2024-04-13 17:02:51'),
(36, 50, '2024-04-13 17:02:47'),
(37, 1, '2024-04-13 17:02:53'),
(37, 2, '2024-04-13 17:02:49'),
(37, 3, '2024-04-13 17:02:53'),
(37, 6, '2024-04-13 17:02:56'),
(37, 7, '2024-04-13 17:02:48'),
(37, 8, '2024-04-13 17:02:47'),
(37, 9, '2024-04-13 17:02:56'),
(37, 10, '2024-04-13 17:02:49'),
(37, 11, '2024-04-13 17:02:53'),
(37, 13, '2024-04-13 17:02:52'),
(37, 14, '2024-04-13 17:02:53'),
(37, 15, '2024-04-13 17:02:48'),
(37, 16, '2024-04-13 17:02:49'),
(37, 17, '2024-04-13 17:02:50'),
(37, 18, '2024-04-13 17:02:48'),
(37, 19, '2024-04-13 17:02:54'),
(37, 20, '2024-04-13 17:02:48'),
(37, 21, '2024-04-13 17:02:53'),
(37, 22, '2024-04-13 17:02:54'),
(37, 23, '2024-04-13 17:02:56'),
(37, 24, '2024-04-13 17:02:55'),
(37, 25, '2024-04-13 17:02:48'),
(37, 26, '2024-04-13 17:02:52'),
(37, 28, '2024-04-13 17:02:55'),
(37, 29, '2024-04-13 17:02:50'),
(37, 30, '2024-04-13 17:02:56'),
(37, 31, '2024-04-13 17:02:56'),
(37, 32, '2024-04-13 17:02:49'),
(37, 33, '2024-04-13 17:02:49'),
(37, 35, '2024-04-13 17:02:50'),
(37, 36, '2024-04-13 17:02:49'),
(37, 37, '2024-04-13 17:02:47'),
(37, 38, '2024-04-13 17:02:53'),
(37, 40, '2024-04-13 17:02:51'),
(37, 41, '2024-04-13 17:02:49'),
(37, 42, '2024-04-13 17:02:53'),
(37, 43, '2024-04-13 17:02:52'),
(37, 44, '2024-04-13 17:02:52'),
(37, 45, '2024-04-13 17:02:51'),
(37, 46, '2024-04-13 17:02:48'),
(37, 47, '2024-04-13 17:02:47'),
(37, 50, '2024-04-13 17:02:47'),
(38, 1, '2024-04-13 17:02:56'),
(38, 2, '2024-04-13 17:02:53'),
(38, 3, '2024-04-13 17:02:50'),
(38, 4, '2024-04-13 17:02:49'),
(38, 5, '2024-04-13 17:02:49'),
(38, 6, '2024-04-13 17:02:55'),
(38, 8, '2024-04-13 17:02:53'),
(38, 10, '2024-04-13 17:02:52'),
(38, 11, '2024-04-13 17:02:48'),
(38, 14, '2024-04-13 17:02:55'),
(38, 15, '2024-04-13 17:02:47'),
(38, 17, '2024-04-13 17:02:51'),
(38, 19, '2024-04-13 17:02:54'),
(38, 20, '2024-04-13 17:02:56'),
(38, 22, '2024-04-13 17:02:57'),
(38, 23, '2024-04-13 17:02:54'),
(38, 25, '2024-04-13 17:02:54'),
(38, 26, '2024-04-13 17:02:49'),
(38, 27, '2024-04-13 17:02:56'),
(38, 28, '2024-04-13 17:02:54'),
(38, 29, '2024-04-13 17:02:56'),
(38, 30, '2024-04-13 17:02:56'),
(38, 32, '2024-04-13 17:02:48'),
(38, 34, '2024-04-13 17:02:48'),
(38, 35, '2024-04-13 17:02:49'),
(38, 36, '2024-04-13 17:02:52'),
(38, 37, '2024-04-13 17:02:55'),
(38, 38, '2024-04-13 17:02:55'),
(38, 39, '2024-04-13 17:02:55'),
(38, 41, '2024-04-13 17:02:51'),
(38, 42, '2024-04-13 17:02:52'),
(38, 45, '2024-04-13 17:02:51'),
(38, 46, '2024-04-13 17:02:49'),
(38, 47, '2024-04-13 17:02:55'),
(38, 48, '2024-04-13 17:02:53'),
(38, 49, '2024-04-13 17:02:52'),
(38, 50, '2024-04-13 17:02:53'),
(39, 1, '2024-04-13 17:02:54'),
(39, 2, '2024-04-13 17:02:51'),
(39, 3, '2024-04-13 17:02:48'),
(39, 7, '2024-04-13 17:02:55'),
(39, 8, '2024-04-13 17:02:55'),
(39, 9, '2024-04-13 17:02:50'),
(39, 10, '2024-04-13 17:02:47'),
(39, 12, '2024-04-13 17:02:53'),
(39, 14, '2024-04-13 17:02:51'),
(39, 15, '2024-04-13 17:02:50'),
(39, 16, '2024-04-13 17:02:50'),
(39, 17, '2024-04-13 17:02:51'),
(39, 18, '2024-04-13 17:02:52'),
(39, 19, '2024-04-13 17:02:47'),
(39, 20, '2024-04-13 17:02:48'),
(39, 21, '2024-04-13 17:02:55'),
(39, 22, '2024-04-13 17:02:55'),
(39, 23, '2024-04-13 17:02:47'),
(39, 25, '2024-04-13 17:02:53'),
(39, 26, '2024-04-13 17:02:52'),
(39, 27, '2024-04-13 17:02:50'),
(39, 28, '2024-04-13 17:02:47'),
(39, 29, '2024-04-13 17:02:54'),
(39, 32, '2024-04-13 17:02:56'),
(39, 33, '2024-04-13 17:02:55'),
(39, 34, '2024-04-13 17:02:48'),
(39, 37, '2024-04-13 17:02:50'),
(39, 38, '2024-04-13 17:02:56'),
(39, 39, '2024-04-13 17:02:53'),
(39, 40, '2024-04-13 17:02:48'),
(39, 41, '2024-04-13 17:02:57'),
(39, 42, '2024-04-13 17:02:51'),
(39, 43, '2024-04-13 17:02:56'),
(39, 44, '2024-04-13 17:02:53'),
(39, 45, '2024-04-13 17:02:55'),
(39, 49, '2024-04-13 17:02:54'),
(40, 1, '2024-04-13 17:02:56'),
(40, 2, '2024-04-13 17:02:53'),
(40, 3, '2024-04-13 17:02:54'),
(40, 4, '2024-04-13 17:02:51'),
(40, 5, '2024-04-13 17:02:56'),
(40, 6, '2024-04-13 17:02:47'),
(40, 7, '2024-04-13 17:02:47'),
(40, 8, '2024-04-13 17:02:50'),
(40, 9, '2024-04-13 17:02:47'),
(40, 10, '2024-04-13 17:02:54'),
(40, 11, '2024-04-13 17:02:52'),
(40, 12, '2024-04-13 17:02:53'),
(40, 13, '2024-04-13 17:02:55'),
(40, 14, '2024-04-13 17:02:55'),
(40, 15, '2024-04-13 17:02:56'),
(40, 17, '2024-04-13 17:02:53'),
(40, 20, '2024-04-13 17:02:56'),
(40, 21, '2024-04-13 17:02:55'),
(40, 22, '2024-04-13 17:02:48'),
(40, 23, '2024-04-13 17:02:48'),
(40, 24, '2024-04-13 17:02:57'),
(40, 26, '2024-04-13 17:02:55'),
(40, 27, '2024-04-13 17:02:52'),
(40, 30, '2024-04-13 17:02:49'),
(40, 32, '2024-04-13 17:02:55'),
(40, 33, '2024-04-13 17:02:50'),
(40, 34, '2024-04-13 17:02:53'),
(40, 35, '2024-04-13 17:02:48'),
(40, 36, '2024-04-13 17:02:49'),
(40, 37, '2024-04-13 17:02:48'),
(40, 39, '2024-04-13 17:02:50'),
(40, 40, '2024-04-13 17:02:50'),
(40, 42, '2024-04-13 17:02:50'),
(40, 45, '2024-04-13 17:02:51'),
(40, 46, '2024-04-13 17:02:53'),
(40, 47, '2024-04-13 17:02:48'),
(40, 48, '2024-04-13 17:02:47'),
(40, 49, '2024-04-13 17:02:48'),
(40, 50, '2024-04-13 17:02:56'),
(41, 1, '2024-04-13 17:02:47'),
(41, 2, '2024-04-13 17:02:50'),
(41, 3, '2024-04-13 17:02:48'),
(41, 4, '2024-04-13 17:02:50'),
(41, 6, '2024-04-13 17:02:52'),
(41, 7, '2024-04-13 17:02:50'),
(41, 9, '2024-04-13 17:02:48'),
(41, 10, '2024-04-13 17:02:47'),
(41, 13, '2024-04-13 17:02:53'),
(41, 14, '2024-04-13 17:02:51'),
(41, 18, '2024-04-13 17:02:49'),
(41, 19, '2024-04-13 17:02:52'),
(41, 22, '2024-04-13 17:02:49'),
(41, 23, '2024-04-13 17:02:53'),
(41, 24, '2024-04-13 17:02:49'),
(41, 28, '2024-04-13 17:02:47'),
(41, 31, '2024-04-13 17:02:49'),
(41, 32, '2024-04-13 17:02:56'),
(41, 33, '2024-04-13 17:02:50'),
(41, 34, '2024-04-13 17:02:55'),
(41, 35, '2024-04-13 17:02:53'),
(41, 36, '2024-04-13 17:02:49'),
(41, 37, '2024-04-13 17:02:47'),
(41, 38, '2024-04-13 17:02:49'),
(41, 39, '2024-04-13 17:02:49'),
(41, 41, '2024-04-13 17:02:51'),
(41, 42, '2024-04-13 17:02:51'),
(41, 43, '2024-04-13 17:02:50'),
(41, 44, '2024-04-13 17:02:52'),
(41, 46, '2024-04-13 17:02:53'),
(41, 49, '2024-04-13 17:02:49'),
(41, 50, '2024-04-13 17:02:55'),
(42, 1, '2024-04-13 17:02:47'),
(42, 2, '2024-04-13 17:02:48'),
(42, 4, '2024-04-13 17:02:56'),
(42, 5, '2024-04-13 17:02:55'),
(42, 8, '2024-04-13 17:02:52'),
(42, 9, '2024-04-13 17:02:52'),
(42, 10, '2024-04-13 17:02:47'),
(42, 11, '2024-04-13 17:02:50'),
(42, 12, '2024-04-13 17:02:53'),
(42, 13, '2024-04-13 17:02:52'),
(42, 14, '2024-04-13 17:02:51'),
(42, 15, '2024-04-13 17:02:52'),
(42, 16, '2024-04-13 17:02:47'),
(42, 17, '2024-04-13 17:02:50'),
(42, 18, '2024-04-13 17:02:50'),
(42, 19, '2024-04-13 17:02:49'),
(42, 21, '2024-04-13 17:02:55'),
(42, 23, '2024-04-13 17:02:47'),
(42, 24, '2024-04-13 17:02:49'),
(42, 25, '2024-04-13 17:02:56'),
(42, 27, '2024-04-13 17:02:52'),
(42, 28, '2024-04-13 17:02:50'),
(42, 29, '2024-04-13 17:02:49'),
(42, 32, '2024-04-13 17:02:54'),
(42, 35, '2024-04-13 17:02:47'),
(42, 36, '2024-04-13 17:02:53'),
(42, 38, '2024-04-13 17:02:49'),
(42, 39, '2024-04-13 17:02:54'),
(42, 40, '2024-04-13 17:02:56'),
(42, 41, '2024-04-13 17:02:48'),
(42, 42, '2024-04-13 17:02:51'),
(42, 43, '2024-04-13 17:02:48'),
(42, 44, '2024-04-13 17:02:51'),
(42, 45, '2024-04-13 17:02:52'),
(42, 46, '2024-04-13 17:02:49'),
(42, 47, '2024-04-13 17:02:51'),
(42, 49, '2024-04-13 17:02:47'),
(42, 50, '2024-04-13 17:02:47'),
(43, 1, '2024-04-13 17:02:49'),
(43, 2, '2024-04-13 17:02:55'),
(43, 3, '2024-04-13 17:02:50'),
(43, 4, '2024-04-13 17:02:51'),
(43, 5, '2024-04-13 17:02:47'),
(43, 7, '2024-04-13 17:02:47'),
(43, 8, '2024-04-13 17:02:53'),
(43, 10, '2024-04-13 17:02:54'),
(43, 12, '2024-04-13 17:02:48'),
(43, 13, '2024-04-13 17:02:47'),
(43, 14, '2024-04-13 17:02:47'),
(43, 15, '2024-04-13 17:02:52'),
(43, 16, '2024-04-13 17:02:53'),
(43, 17, '2024-04-13 17:02:48'),
(43, 18, '2024-04-13 17:02:49'),
(43, 20, '2024-04-13 17:02:53'),
(43, 21, '2024-04-13 17:02:51'),
(43, 22, '2024-04-13 17:02:49'),
(43, 23, '2024-04-13 17:02:55'),
(43, 24, '2024-04-13 17:02:55'),
(43, 25, '2024-04-13 17:02:47'),
(43, 26, '2024-04-13 17:02:53'),
(43, 27, '2024-04-13 17:02:54'),
(43, 28, '2024-04-13 17:02:57'),
(43, 30, '2024-04-13 17:02:55'),
(43, 31, '2024-04-13 17:02:53'),
(43, 32, '2024-04-13 17:02:50'),
(43, 33, '2024-04-13 17:02:47'),
(43, 34, '2024-04-13 17:02:53'),
(43, 36, '2024-04-13 17:02:50'),
(43, 38, '2024-04-13 17:02:51'),
(43, 39, '2024-04-13 17:02:54'),
(43, 40, '2024-04-13 17:02:47'),
(43, 41, '2024-04-13 17:02:52'),
(43, 42, '2024-04-13 17:02:54'),
(43, 43, '2024-04-13 17:02:47'),
(43, 47, '2024-04-13 17:02:56'),
(43, 50, '2024-04-13 17:02:56'),
(44, 1, '2024-04-13 17:02:47'),
(44, 2, '2024-04-13 17:02:49'),
(44, 3, '2024-04-13 17:02:47'),
(44, 4, '2024-04-13 17:02:53'),
(44, 6, '2024-04-13 17:02:50'),
(44, 7, '2024-04-13 17:02:53'),
(44, 8, '2024-04-13 17:02:50'),
(44, 9, '2024-04-13 17:02:53'),
(44, 10, '2024-04-13 17:02:52'),
(44, 11, '2024-04-13 17:02:54'),
(44, 12, '2024-04-13 17:02:51'),
(44, 13, '2024-04-13 17:02:52'),
(44, 14, '2024-04-13 17:02:56'),
(44, 15, '2024-04-13 17:02:56'),
(44, 16, '2024-04-13 17:02:50'),
(44, 22, '2024-04-13 17:02:50'),
(44, 23, '2024-04-13 17:02:49'),
(44, 24, '2024-04-13 17:02:53'),
(44, 25, '2024-04-13 17:02:51'),
(44, 27, '2024-04-13 17:02:49');
INSERT INTO `follows` (`follower_id`, `followee_id`, `created_at`) VALUES
(44, 28, '2024-04-13 17:02:56'),
(44, 29, '2024-04-13 17:02:51'),
(44, 30, '2024-04-13 17:02:56'),
(44, 31, '2024-04-13 17:02:56'),
(44, 34, '2024-04-13 17:02:47'),
(44, 35, '2024-04-13 17:02:56'),
(44, 36, '2024-04-13 17:02:47'),
(44, 38, '2024-04-13 17:02:54'),
(44, 39, '2024-04-13 17:02:49'),
(44, 40, '2024-04-13 17:02:55'),
(44, 42, '2024-04-13 17:02:56'),
(44, 43, '2024-04-13 17:02:52'),
(44, 44, '2024-04-13 17:02:50'),
(44, 50, '2024-04-13 17:02:48'),
(45, 1, '2024-04-13 17:02:55'),
(45, 3, '2024-04-13 17:02:52'),
(45, 7, '2024-04-13 17:02:49'),
(45, 8, '2024-04-13 17:02:55'),
(45, 9, '2024-04-13 17:02:53'),
(45, 12, '2024-04-13 17:02:51'),
(45, 13, '2024-04-13 17:02:56'),
(45, 14, '2024-04-13 17:02:56'),
(45, 15, '2024-04-13 17:02:48'),
(45, 17, '2024-04-13 17:02:48'),
(45, 19, '2024-04-13 17:02:48'),
(45, 20, '2024-04-13 17:02:51'),
(45, 21, '2024-04-13 17:02:52'),
(45, 22, '2024-04-13 17:02:55'),
(45, 23, '2024-04-13 17:02:47'),
(45, 25, '2024-04-13 17:02:50'),
(45, 26, '2024-04-13 17:02:52'),
(45, 27, '2024-04-13 17:02:53'),
(45, 30, '2024-04-13 17:02:54'),
(45, 31, '2024-04-13 17:02:52'),
(45, 32, '2024-04-13 17:02:49'),
(45, 33, '2024-04-13 17:02:48'),
(45, 34, '2024-04-13 17:02:48'),
(45, 35, '2024-04-13 17:02:51'),
(45, 37, '2024-04-13 17:02:50'),
(45, 38, '2024-04-13 17:02:47'),
(45, 40, '2024-04-13 17:02:51'),
(45, 42, '2024-04-13 17:02:52'),
(45, 43, '2024-04-13 17:02:48'),
(45, 44, '2024-04-13 17:02:49'),
(45, 45, '2024-04-13 17:02:56'),
(45, 46, '2024-04-13 17:02:54'),
(45, 48, '2024-04-13 17:02:51'),
(45, 49, '2024-04-13 17:02:56'),
(45, 50, '2024-04-13 17:02:56'),
(46, 1, '2024-04-13 17:02:49'),
(46, 2, '2024-04-13 17:02:47'),
(46, 3, '2024-04-13 17:02:48'),
(46, 4, '2024-04-13 17:02:53'),
(46, 5, '2024-04-13 17:02:54'),
(46, 6, '2024-04-13 17:02:54'),
(46, 7, '2024-04-13 17:02:50'),
(46, 9, '2024-04-13 17:02:51'),
(46, 10, '2024-04-13 17:02:48'),
(46, 11, '2024-04-13 17:02:48'),
(46, 12, '2024-04-13 17:02:54'),
(46, 13, '2024-04-13 17:02:55'),
(46, 14, '2024-04-13 17:02:50'),
(46, 15, '2024-04-13 17:02:51'),
(46, 17, '2024-04-13 17:02:54'),
(46, 19, '2024-04-13 17:02:48'),
(46, 20, '2024-04-13 17:02:49'),
(46, 22, '2024-04-13 17:02:56'),
(46, 23, '2024-04-13 17:02:55'),
(46, 24, '2024-04-13 17:02:48'),
(46, 25, '2024-04-13 17:02:47'),
(46, 27, '2024-04-13 17:02:49'),
(46, 28, '2024-04-13 17:02:50'),
(46, 29, '2024-04-13 17:02:47'),
(46, 30, '2024-04-13 17:02:51'),
(46, 31, '2024-04-13 17:02:56'),
(46, 32, '2024-04-13 17:02:52'),
(46, 35, '2024-04-13 17:02:47'),
(46, 36, '2024-04-13 17:02:54'),
(46, 38, '2024-04-13 17:02:53'),
(46, 39, '2024-04-13 17:02:56'),
(46, 40, '2024-04-13 17:02:55'),
(46, 41, '2024-04-13 17:02:56'),
(46, 42, '2024-04-13 17:02:54'),
(46, 43, '2024-04-13 17:02:53'),
(46, 44, '2024-04-13 17:02:56'),
(46, 45, '2024-04-13 17:02:53'),
(46, 46, '2024-04-13 17:02:50'),
(46, 47, '2024-04-13 17:02:53'),
(46, 48, '2024-04-13 17:02:50'),
(46, 50, '2024-04-13 17:02:54'),
(47, 1, '2024-04-13 17:02:51'),
(47, 3, '2024-04-13 17:02:53'),
(47, 4, '2024-04-13 17:02:52'),
(47, 5, '2024-04-13 17:02:49'),
(47, 6, '2024-04-13 17:02:56'),
(47, 7, '2024-04-13 17:02:49'),
(47, 8, '2024-04-13 17:02:54'),
(47, 9, '2024-04-13 17:02:53'),
(47, 10, '2024-04-13 17:02:47'),
(47, 11, '2024-04-13 17:02:48'),
(47, 14, '2024-04-13 17:02:55'),
(47, 15, '2024-04-13 17:02:52'),
(47, 16, '2024-04-13 17:02:55'),
(47, 17, '2024-04-13 17:02:49'),
(47, 19, '2024-04-13 17:02:48'),
(47, 21, '2024-04-13 17:02:48'),
(47, 22, '2024-04-13 17:02:50'),
(47, 23, '2024-04-13 17:02:54'),
(47, 24, '2024-04-13 17:02:50'),
(47, 26, '2024-04-13 17:02:56'),
(47, 27, '2024-04-13 17:02:52'),
(47, 28, '2024-04-13 17:02:49'),
(47, 29, '2024-04-13 17:02:47'),
(47, 30, '2024-04-13 17:02:54'),
(47, 31, '2024-04-13 17:02:49'),
(47, 32, '2024-04-13 17:02:53'),
(47, 34, '2024-04-13 17:02:55'),
(47, 35, '2024-04-13 17:02:50'),
(47, 36, '2024-04-13 17:02:48'),
(47, 37, '2024-04-13 17:02:53'),
(47, 38, '2024-04-13 17:02:56'),
(47, 39, '2024-04-13 17:02:50'),
(47, 40, '2024-04-13 17:02:53'),
(47, 41, '2024-04-13 17:02:49'),
(47, 42, '2024-04-13 17:02:53'),
(47, 43, '2024-04-13 17:02:55'),
(47, 44, '2024-04-13 17:02:50'),
(47, 45, '2024-04-13 17:02:49'),
(47, 47, '2024-04-13 17:02:54'),
(47, 49, '2024-04-13 17:02:54'),
(47, 50, '2024-04-13 17:02:49'),
(48, 1, '2024-04-13 17:02:48'),
(48, 2, '2024-04-13 17:02:56'),
(48, 4, '2024-04-13 17:02:55'),
(48, 5, '2024-04-13 17:02:48'),
(48, 6, '2024-04-13 17:02:48'),
(48, 7, '2024-04-13 17:02:49'),
(48, 8, '2024-04-13 17:02:53'),
(48, 9, '2024-04-13 17:02:55'),
(48, 10, '2024-04-13 17:02:56'),
(48, 11, '2024-04-13 17:02:49'),
(48, 12, '2024-04-13 17:02:54'),
(48, 13, '2024-04-13 17:02:53'),
(48, 14, '2024-04-13 17:02:47'),
(48, 15, '2024-04-13 17:02:51'),
(48, 17, '2024-04-13 17:02:56'),
(48, 19, '2024-04-13 17:02:53'),
(48, 20, '2024-04-13 17:02:54'),
(48, 23, '2024-04-13 17:02:51'),
(48, 25, '2024-04-13 17:02:52'),
(48, 26, '2024-04-13 17:02:55'),
(48, 27, '2024-04-13 17:02:49'),
(48, 28, '2024-04-13 17:02:49'),
(48, 29, '2024-04-13 17:02:48'),
(48, 31, '2024-04-13 17:02:47'),
(48, 32, '2024-04-13 17:02:48'),
(48, 33, '2024-04-13 17:02:48'),
(48, 35, '2024-04-13 17:02:52'),
(48, 37, '2024-04-13 17:02:56'),
(48, 39, '2024-04-13 17:02:53'),
(48, 40, '2024-04-13 17:02:52'),
(48, 42, '2024-04-13 17:02:52'),
(48, 43, '2024-04-13 17:02:48'),
(48, 45, '2024-04-13 17:02:56'),
(48, 46, '2024-04-13 17:02:47'),
(48, 47, '2024-04-13 17:02:54'),
(48, 48, '2024-04-13 17:02:51'),
(49, 1, '2024-04-13 17:02:50'),
(49, 2, '2024-04-13 17:02:55'),
(49, 3, '2024-04-13 17:02:48'),
(49, 4, '2024-04-13 17:02:50'),
(49, 5, '2024-04-13 17:02:54'),
(49, 8, '2024-04-13 17:02:54'),
(49, 13, '2024-04-13 17:02:51'),
(49, 14, '2024-04-13 17:02:53'),
(49, 15, '2024-04-13 17:02:54'),
(49, 16, '2024-04-13 17:02:55'),
(49, 17, '2024-04-13 17:02:56'),
(49, 18, '2024-04-13 17:02:52'),
(49, 19, '2024-04-13 17:02:52'),
(49, 20, '2024-04-13 17:02:56'),
(49, 21, '2024-04-13 17:02:51'),
(49, 22, '2024-04-13 17:02:55'),
(49, 23, '2024-04-13 17:02:52'),
(49, 24, '2024-04-13 17:02:53'),
(49, 26, '2024-04-13 17:02:53'),
(49, 27, '2024-04-13 17:02:55'),
(49, 28, '2024-04-13 17:02:54'),
(49, 29, '2024-04-13 17:02:54'),
(49, 30, '2024-04-13 17:02:47'),
(49, 31, '2024-04-13 17:02:53'),
(49, 32, '2024-04-13 17:02:48'),
(49, 34, '2024-04-13 17:02:54'),
(49, 35, '2024-04-13 17:02:56'),
(49, 36, '2024-04-13 17:02:50'),
(49, 37, '2024-04-13 17:02:51'),
(49, 38, '2024-04-13 17:02:47'),
(49, 40, '2024-04-13 17:02:52'),
(49, 42, '2024-04-13 17:02:50'),
(49, 44, '2024-04-13 17:02:53'),
(49, 45, '2024-04-13 17:02:52'),
(49, 46, '2024-04-13 17:02:48'),
(49, 47, '2024-04-13 17:02:52'),
(49, 50, '2024-04-13 17:02:49'),
(50, 2, '2024-04-13 17:02:48'),
(50, 3, '2024-04-13 17:02:48'),
(50, 4, '2024-04-13 17:02:57'),
(50, 5, '2024-04-13 17:02:55'),
(50, 6, '2024-04-13 17:02:55'),
(50, 7, '2024-04-13 17:02:55'),
(50, 8, '2024-04-13 17:02:54'),
(50, 9, '2024-04-13 17:02:55'),
(50, 11, '2024-04-13 17:02:55'),
(50, 12, '2024-04-13 17:02:53'),
(50, 13, '2024-04-13 17:02:48'),
(50, 14, '2024-04-13 17:02:52'),
(50, 15, '2024-04-13 17:02:55'),
(50, 16, '2024-04-13 17:02:49'),
(50, 18, '2024-04-13 17:02:48'),
(50, 19, '2024-04-13 17:02:51'),
(50, 20, '2024-04-13 17:02:54'),
(50, 22, '2024-04-13 17:02:47'),
(50, 23, '2024-04-13 17:02:55'),
(50, 24, '2024-04-13 17:02:53'),
(50, 27, '2024-04-13 17:02:52'),
(50, 28, '2024-04-13 17:02:56'),
(50, 29, '2024-04-13 17:02:47'),
(50, 31, '2024-04-13 17:02:53'),
(50, 32, '2024-04-13 17:02:48'),
(50, 33, '2024-04-13 17:02:52'),
(50, 34, '2024-04-13 17:02:53'),
(50, 35, '2024-04-13 17:02:54'),
(50, 36, '2024-04-13 17:02:49'),
(50, 38, '2024-04-13 17:02:56'),
(50, 39, '2024-04-13 17:02:53'),
(50, 40, '2024-04-13 17:02:53'),
(50, 41, '2024-04-13 17:02:47'),
(50, 45, '2024-04-13 17:02:49'),
(50, 46, '2024-04-13 17:02:48'),
(50, 47, '2024-04-13 17:02:50'),
(50, 48, '2024-04-13 17:02:47'),
(50, 49, '2024-04-13 17:02:50');

--
-- Triggers `follows`
--
DELIMITER $$
CREATE TRIGGER `update_follower_count` AFTER INSERT ON `follows` FOR EACH ROW BEGIN
    UPDATE users SET follower_count = follower_count + 1 WHERE user_id = NEW.followee_id;
END
$$
DELIMITER ;

-- --------------------------------------------------------

--
-- Table structure for table `hashtags`
--

CREATE TABLE `hashtags` (
  `hashtag_id` int(11) NOT NULL,
  `hashtag_name` varchar(255) DEFAULT NULL,
  `created_at` timestamp NOT NULL DEFAULT current_timestamp()
) ENGINE=InnoDB DEFAULT CHARSET=utf8mb4 COLLATE=utf8mb4_general_ci;

--
-- Dumping data for table `hashtags`
--

INSERT INTO `hashtags` (`hashtag_id`, `hashtag_name`, `created_at`) VALUES
(1, ' #joinbtsarmy', '2024-04-13 17:02:57'),
(2, ' #kisaansupport', '2024-04-13 17:02:57'),
(3, ' #fitnessfreak', '2024-04-13 17:02:57'),
(4, ' #runforunity', '2024-04-13 17:02:57'),
(5, ' #studentlivesmatter', '2024-04-13 17:02:57'),
(6, ' #cancellJEEiit', '2024-04-13 17:02:57'),
(7, ' #REOPEN colleges', '2024-04-13 17:02:57'),
(8, ' #party', '2024-04-13 17:02:57'),
(9, ' #followme', '2024-04-13 17:02:57'),
(10, ' #christmas', '2024-04-13 17:02:57'),
(11, ' #socialmedia', '2024-04-13 17:02:57'),
(12, ' #family', '2024-04-13 17:02:57'),
(13, ' #festivesale', '2024-04-13 17:02:57'),
(14, ' #sunnyday', '2024-04-13 17:02:57'),
(15, ' #enjoy', '2024-04-13 17:02:57'),
(16, ' #weekendmasti', '2024-04-13 17:02:57'),
(17, ' #love', '2024-04-13 17:02:57'),
(18, '  #instagood', '2024-04-13 17:02:57'),
(19, ' #photooftheday', '2024-04-13 17:02:57'),
(20, '  #beautiful', '2024-04-13 17:02:57'),
(21, ' #fashion', '2024-04-13 17:02:57'),
(22, '  #tbt', '2024-04-13 17:02:57'),
(23, ' #happy', '2024-04-13 17:02:57'),
(24, ' #cute', '2024-04-13 17:02:57'),
(25, '  #followme', '2024-04-13 17:02:57'),
(26, '  #like4like', '2024-04-13 17:02:57'),
(27, '  #follow', '2024-04-13 17:02:57'),
(28, '  #me', '2024-04-13 17:02:57'),
(29, '  #picoftheday', '2024-04-13 17:02:57'),
(30, ' #selfie', '2024-04-13 17:02:57'),
(31, '#GOGREEN ', '2024-04-13 17:02:57');

-- --------------------------------------------------------

--
-- Table structure for table `hashtag_follow`
--

CREATE TABLE `hashtag_follow` (
  `user_id` int(11) NOT NULL,
  `hashtag_id` int(11) NOT NULL,
  `created_at` timestamp NOT NULL DEFAULT current_timestamp()
) ENGINE=InnoDB DEFAULT CHARSET=utf8mb4 COLLATE=utf8mb4_general_ci;

--
-- Dumping data for table `hashtag_follow`
--

INSERT INTO `hashtag_follow` (`user_id`, `hashtag_id`, `created_at`) VALUES
(1, 15, '2024-04-13 17:03:13'),
(4, 7, '2024-04-13 17:03:13'),
(4, 28, '2024-04-13 17:03:13'),
(5, 4, '2024-04-13 17:03:13'),
(7, 26, '2024-04-13 17:03:13'),
(8, 15, '2024-04-13 17:03:13'),
(8, 18, '2024-04-13 17:03:13'),
(9, 21, '2024-04-13 17:03:13'),
(10, 1, '2024-04-13 17:03:13'),
(13, 17, '2024-04-13 17:03:13'),
(15, 22, '2024-04-13 17:03:13'),
(16, 13, '2024-04-13 17:03:13'),
(16, 22, '2024-04-13 17:03:13'),
(18, 5, '2024-04-13 17:03:13'),
(18, 13, '2024-04-13 17:03:13'),
(19, 5, '2024-04-13 17:03:13'),
(20, 25, '2024-04-13 17:03:13'),
(21, 18, '2024-04-13 17:03:13'),
(21, 25, '2024-04-13 17:03:13'),
(25, 2, '2024-04-13 17:03:13'),
(27, 13, '2024-04-13 17:03:13'),
(33, 24, '2024-04-13 17:03:13'),
(34, 14, '2024-04-13 17:03:13'),
(41, 12, '2024-04-13 17:03:13'),
(42, 10, '2024-04-13 17:03:13'),
(45, 5, '2024-04-13 17:03:13'),
(45, 13, '2024-04-13 17:03:13'),
(46, 26, '2024-04-13 17:03:13'),
(47, 17, '2024-04-13 17:03:13'),
(50, 12, '2024-04-13 17:03:13');

-- --------------------------------------------------------

--
-- Table structure for table `login`
--

CREATE TABLE `login` (
  `login_id` int(11) NOT NULL,
  `user_id` int(11) NOT NULL,
  `ip` varchar(50) NOT NULL,
  `login_time` timestamp NOT NULL DEFAULT current_timestamp()
) ENGINE=InnoDB DEFAULT CHARSET=utf8mb4 COLLATE=utf8mb4_general_ci;

--
-- Dumping data for table `login`
--

INSERT INTO `login` (`login_id`, `user_id`, `ip`, `login_time`) VALUES
(1, 19, '186.83.147.14', '2024-04-13 17:03:13'),
(2, 43, '95.43.246.66', '2024-04-13 17:03:13'),
(3, 34, '105.238.37.204', '2024-04-13 17:03:13'),
(4, 36, '13.120.97.136', '2024-04-13 17:03:13'),
(5, 36, '0.83.214.172', '2024-04-13 17:03:13'),
(6, 34, '20.182.93.222', '2024-04-13 17:03:13'),
(7, 11, '200.237.53.32', '2024-04-13 17:03:13'),
(8, 28, '41.81.231.81', '2024-04-13 17:03:13'),
(9, 25, '24.223.2.33', '2024-04-13 17:03:13'),
(10, 43, '8.168.37.68', '2024-04-13 17:03:13'),
(11, 24, '129.91.145.75', '2024-04-13 17:03:13'),
(12, 42, '8.65.175.204', '2024-04-13 17:03:13'),
(13, 15, '242.220.82.190', '2024-04-13 17:03:13'),
(14, 6, '107.137.170.154', '2024-04-13 17:03:13'),
(15, 10, '206.40.219.225', '2024-04-13 17:03:13'),
(16, 2, '136.186.80.29', '2024-04-13 17:03:13'),
(17, 13, '234.153.100.73', '2024-04-13 17:03:13'),
(18, 43, '137.168.133.16', '2024-04-13 17:03:13'),
(19, 43, '248.119.108.48', '2024-04-13 17:03:13'),
(20, 46, '92.178.211.66', '2024-04-13 17:03:13'),
(21, 17, '25.177.94.84', '2024-04-13 17:03:13'),
(22, 22, '40.165.240.121', '2024-04-13 17:03:13'),
(23, 38, '14.217.104.111', '2024-04-13 17:03:13'),
(24, 26, '17.82.20.179', '2024-04-13 17:03:13'),
(25, 31, '183.67.159.170', '2024-04-13 17:03:13'),
(26, 36, '211.7.231.108', '2024-04-13 17:03:13'),
(27, 41, '20.81.221.177', '2024-04-13 17:03:13'),
(28, 2, '235.195.9.138', '2024-04-13 17:03:13'),
(29, 15, '206.230.99.108', '2024-04-13 17:03:13'),
(30, 38, '196.138.60.144', '2024-04-13 17:03:13'),
(31, 6, '103.52.7.34', '2024-04-13 17:03:13'),
(32, 34, '232.209.180.248', '2024-04-13 17:03:13'),
(33, 15, '109.26.198.247', '2024-04-13 17:03:13'),
(34, 45, '76.38.160.92', '2024-04-13 17:03:13'),
(35, 47, '239.166.182.14', '2024-04-13 17:03:13'),
(36, 40, '225.130.239.107', '2024-04-13 17:03:13'),
(37, 46, '250.158.54.36', '2024-04-13 17:03:13'),
(38, 10, '173.160.71.20', '2024-04-13 17:03:13'),
(39, 38, '200.10.166.141', '2024-04-13 17:03:13'),
(40, 15, '195.136.72.29', '2024-04-13 17:03:13'),
(41, 42, '58.64.148.8', '2024-04-13 17:03:13'),
(42, 38, '245.136.26.79', '2024-04-13 17:03:13'),
(43, 5, '16.152.146.172', '2024-04-13 17:03:13'),
(44, 36, '56.127.227.250', '2024-04-13 17:03:13'),
(45, 25, '136.191.250.64', '2024-04-13 17:03:13'),
(46, 19, '28.190.80.226', '2024-04-13 17:03:14'),
(47, 33, '247.63.28.170', '2024-04-13 17:03:14'),
(48, 47, '77.112.183.186', '2024-04-13 17:03:14'),
(49, 26, '147.228.253.137', '2024-04-13 17:03:14'),
(50, 33, '3.70.234.168', '2024-04-13 17:03:14'),
(51, 24, '213.98.160.235', '2024-04-13 17:03:14'),
(52, 45, '224.112.90.6', '2024-04-13 17:03:14'),
(53, 39, '163.233.26.24', '2024-04-13 17:03:14'),
(54, 9, '128.79.68.115', '2024-04-13 17:03:14'),
(55, 20, '0.36.210.165', '2024-04-13 17:03:14'),
(56, 13, '138.32.95.212', '2024-04-13 17:03:14'),
(57, 22, '233.203.24.116', '2024-04-13 17:03:14'),
(58, 22, '45.87.104.147', '2024-04-13 17:03:14'),
(59, 2, '178.217.157.41', '2024-04-13 17:03:14'),
(60, 42, '6.29.50.100', '2024-04-13 17:03:14'),
(61, 11, '99.177.102.209', '2024-04-13 17:03:14'),
(62, 25, '242.87.45.152', '2024-04-13 17:03:14'),
(63, 12, '187.170.52.130', '2024-04-13 17:03:14'),
(64, 43, '112.10.139.193', '2024-04-13 17:03:14'),
(65, 43, '73.147.94.38', '2024-04-13 17:03:14'),
(66, 50, '157.45.4.120', '2024-04-13 17:03:14'),
(67, 33, '176.2.26.232', '2024-04-13 17:03:14'),
(68, 14, '103.225.38.110', '2024-04-13 17:03:14'),
(69, 38, '81.42.205.37', '2024-04-13 17:03:14'),
(70, 26, '200.166.27.162', '2024-04-13 17:03:14'),
(71, 8, '131.236.23.35', '2024-04-13 17:03:14'),
(72, 43, '107.163.201.212', '2024-04-13 17:03:14'),
(73, 46, '211.68.48.44', '2024-04-13 17:03:14'),
(74, 34, '159.155.216.188', '2024-04-13 17:03:14'),
(75, 2, '236.127.210.188', '2024-04-13 17:03:14'),
(76, 22, '238.190.151.98', '2024-04-13 17:03:14'),
(77, 46, '145.80.84.206', '2024-04-13 17:03:14'),
(78, 45, '203.188.132.95', '2024-04-13 17:03:14'),
(79, 28, '184.58.66.29', '2024-04-13 17:03:14'),
(80, 12, '86.104.134.78', '2024-04-13 17:03:14'),
(81, 47, '94.45.198.183', '2024-04-13 17:03:14'),
(82, 48, '50.222.193.184', '2024-04-13 17:03:14'),
(83, 49, '43.49.49.88', '2024-04-13 17:03:14'),
(84, 24, '219.166.183.216', '2024-04-13 17:03:14'),
(85, 33, '15.21.216.21', '2024-04-13 17:03:14'),
(86, 20, '177.150.57.124', '2024-04-13 17:03:14'),
(87, 34, '150.19.152.19', '2024-04-13 17:03:14'),
(88, 49, '112.226.244.101', '2024-04-13 17:03:14'),
(89, 9, '108.216.168.190', '2024-04-13 17:03:14'),
(90, 48, '66.76.200.102', '2024-04-13 17:03:14'),
(91, 30, '23.225.200.35', '2024-04-13 17:03:14'),
(92, 50, '24.57.93.90', '2024-04-13 17:03:14'),
(93, 13, '65.104.238.185', '2024-04-13 17:03:14'),
(94, 18, '208.4.103.252', '2024-04-13 17:03:14'),
(95, 26, '185.28.144.176', '2024-04-13 17:03:14'),
(96, 7, '116.215.67.178', '2024-04-13 17:03:14'),
(97, 41, '142.210.152.194', '2024-04-13 17:03:14'),
(98, 49, '194.198.76.27', '2024-04-13 17:03:14'),
(99, 48, '155.148.13.228', '2024-04-13 17:03:14'),
(100, 35, '101.225.93.143', '2024-04-13 17:03:14');

--
-- Triggers `login`
--
DELIMITER $$
CREATE TRIGGER `update_last_login_time` AFTER INSERT ON `login` FOR EACH ROW BEGIN
    UPDATE users SET last_login_time = NEW.login_time WHERE user_id = NEW.user_id;
END
$$
DELIMITER ;

-- --------------------------------------------------------

--
-- Table structure for table `photos`
--

CREATE TABLE `photos` (
  `photo_id` int(11) NOT NULL,
  `photo_url` varchar(255) NOT NULL,
  `post_id` int(11) NOT NULL,
  `created_at` timestamp NOT NULL DEFAULT current_timestamp(),
  `size` float DEFAULT NULL CHECK (`size` < 5)
) ENGINE=InnoDB DEFAULT CHARSET=utf8mb4 COLLATE=utf8mb4_general_ci;

--
-- Dumping data for table `photos`
--

INSERT INTO `photos` (`photo_id`, `photo_url`, `post_id`, `created_at`, `size`) VALUES
(1, 'https://picsum.photos/100', 26, '2024-04-13 17:02:57', 4),
(2, 'https://picsum.photos/101', 27, '2024-04-13 17:02:57', 1),
(3, 'https://picsum.photos/102', 28, '2024-04-13 17:02:57', 2),
(4, 'https://picsum.photos/103', 29, '2024-04-13 17:02:57', 1),
(5, 'https://picsum.photos/104', 30, '2024-04-13 17:02:57', 2),
(6, 'https://picsum.photos/105', 31, '2024-04-13 17:02:57', 3),
(7, 'https://picsum.photos/106', 32, '2024-04-13 17:02:57', 4),
(8, 'https://picsum.photos/107', 33, '2024-04-13 17:02:57', 4),
(9, 'https://picsum.photos/108', 34, '2024-04-13 17:02:57', 2),
(10, 'https://picsum.photos/109', 35, '2024-04-13 17:02:57', 2),
(11, 'https://picsum.photos/110', 36, '2024-04-13 17:02:57', 2),
(12, 'https://picsum.photos/111', 37, '2024-04-13 17:02:57', 2),
(13, 'https://picsum.photos/112', 38, '2024-04-13 17:02:57', 2),
(14, 'https://picsum.photos/113', 39, '2024-04-13 17:02:57', 2),
(15, 'https://picsum.photos/114', 40, '2024-04-13 17:02:57', 4),
(16, 'https://picsum.photos/115', 41, '2024-04-13 17:02:57', 4),
(17, 'https://picsum.photos/116', 42, '2024-04-13 17:02:57', 3),
(18, 'https://picsum.photos/117', 43, '2024-04-13 17:02:57', 3),
(19, 'https://picsum.photos/118', 44, '2024-04-13 17:02:57', 3),
(20, 'https://picsum.photos/119', 45, '2024-04-13 17:02:57', 1),
(21, 'https://picsum.photos/120', 46, '2024-04-13 17:02:57', 2),
(22, 'https://picsum.photos/121', 47, '2024-04-13 17:02:57', 3),
(23, 'https://picsum.photos/122', 48, '2024-04-13 17:02:57', 2),
(24, 'https://picsum.photos/123', 49, '2024-04-13 17:02:57', 3),
(25, 'https://picsum.photos/124', 50, '2024-04-13 17:02:57', 2),
(26, 'https://picsum.photos/125', 76, '2024-04-13 17:02:57', 3),
(27, 'https://picsum.photos/126', 77, '2024-04-13 17:02:57', 4),
(28, 'https://picsum.photos/127', 78, '2024-04-13 17:02:57', 3),
(29, 'https://picsum.photos/128', 79, '2024-04-13 17:02:57', 1),
(30, 'https://picsum.photos/129', 80, '2024-04-13 17:02:57', 4),
(31, 'https://picsum.photos/130', 81, '2024-04-13 17:02:57', 3),
(32, 'https://picsum.photos/131', 82, '2024-04-13 17:02:57', 3),
(33, 'https://picsum.photos/132', 83, '2024-04-13 17:02:57', 1),
(34, 'https://picsum.photos/133', 84, '2024-04-13 17:02:57', 1),
(35, 'https://picsum.photos/134', 85, '2024-04-13 17:02:57', 4),
(36, 'https://picsum.photos/135', 86, '2024-04-13 17:02:57', 4),
(37, 'https://picsum.photos/136', 87, '2024-04-13 17:02:57', 1),
(38, 'https://picsum.photos/137', 88, '2024-04-13 17:02:57', 4),
(39, 'https://picsum.photos/138', 89, '2024-04-13 17:02:57', 1),
(40, 'https://picsum.photos/139', 90, '2024-04-13 17:02:57', 3),
(41, 'https://picsum.photos/140', 91, '2024-04-13 17:02:57', 3),
(42, 'https://picsum.photos/141', 92, '2024-04-13 17:02:57', 2),
(43, 'https://picsum.photos/142', 93, '2024-04-13 17:02:57', 2),
(44, 'https://picsum.photos/143', 94, '2024-04-13 17:02:57', 2),
(45, 'https://picsum.photos/144', 95, '2024-04-13 17:02:57', 3),
(46, 'https://picsum.photos/145', 96, '2024-04-13 17:02:57', 1),
(47, 'https://picsum.photos/146', 97, '2024-04-13 17:02:57', 2),
(48, 'https://picsum.photos/147', 98, '2024-04-13 17:02:57', 3),
(49, 'https://picsum.photos/148', 99, '2024-04-13 17:02:57', 3),
(50, 'https://picsum.photos/149', 100, '2024-04-13 17:02:57', 2);

-- --------------------------------------------------------

--
-- Table structure for table `post`
--

CREATE TABLE `post` (
  `post_id` int(11) NOT NULL,
  `photo_id` int(11) DEFAULT NULL,
  `video_id` int(11) DEFAULT NULL,
  `user_id` int(11) NOT NULL,
  `caption` varchar(200) DEFAULT NULL,
  `location` varchar(50) DEFAULT NULL,
  `created_at` timestamp NOT NULL DEFAULT current_timestamp()
) ENGINE=InnoDB DEFAULT CHARSET=utf8mb4 COLLATE=utf8mb4_general_ci;

--
-- Dumping data for table `post`
--

INSERT INTO `post` (`post_id`, `photo_id`, `video_id`, `user_id`, `caption`, `location`, `created_at`) VALUES
(1, 15, 3, 24, 'HEY!!', 'VHA JHA KOI AATA JAATA NI', '2024-04-13 17:02:57'),
(2, 21, 47, 28, 'Live a good story.', 'The Red Fort, Delhi.', '2024-04-13 17:02:57'),
(3, 45, 6, 37, 'Escape the ordinary.', 'The Taj Mahal, Agra.', '2024-04-13 17:02:57'),
(4, 7, 37, 23, 'The best is yet to come.', 'Pangong Lake, Ladakh.', '2024-04-13 17:02:57'),
(5, 4, 22, 35, 'These are days we live for.', 'Valley of Flowers, Nainital.', '2024-04-13 17:02:57'),
(6, 37, 18, 36, 'Life happens, coffee helps.', 'Jaisalmer Fort, Jaisalmer.', '2024-04-13 17:02:57'),
(7, 11, 12, 37, 'Short sassy cute & classy.', 'Ruins of Hampi, Karnataka.', '2024-04-13 17:02:57'),
(8, 50, 30, 6, 'The future is bright.', 'Ghats at Varanasi, Uttar Pradesh.', '2024-04-13 17:02:57'),
(9, 15, 31, 7, 'Namastay in bed.', 'Backwaters, Kerala.', '2024-04-13 17:02:57'),
(10, 10, 44, 44, 'I have more issues than vogue.', 'abhayapuri', '2024-04-13 17:02:57'),
(11, 8, 32, 5, 'Life is short. Smile while you still have teeth.', 'achabbal', '2024-04-13 17:02:57'),
(12, 9, 25, 32, 'Ah, a perfectly captured selfie!', 'achalpur', '2024-04-13 17:02:57'),
(13, 4, 13, 4, 'Let’s just be who we are.', 'achhnera', '2024-04-13 17:02:57'),
(14, 36, 12, 47, 'One bad chapter doesn’t me', 'adari', '2024-04-13 17:02:57'),
(15, 45, 40, 30, 'Cinderella never asked for a prince.', 'adalaj', '2024-04-13 17:02:57'),
(16, 39, 17, 35, 'A selfie is worth a thousand words.', 'adilabad', '2024-04-13 17:02:57'),
(17, 7, 31, 9, 'Born to stand out with selfies.', 'adityana', '2024-04-13 17:02:57'),
(18, 17, 27, 13, 'I’m sorry I exist, here, a selfie.', 'pereyaapatna', '2024-04-13 17:02:57'),
(19, 49, 48, 2, '….', 'adoni', '2024-04-13 17:02:57'),
(20, 44, 30, 20, 'dfgfsggf', 'adoor', '2024-04-13 17:02:57'),
(21, 18, 8, 11, '4545', 'adyar', '2024-04-13 17:02:57'),
(22, 47, 7, 38, '007@', 'adra', '2024-04-13 17:02:57'),
(23, 40, 32, 4, ',,,,', 'afzalpura', '2024-04-13 17:02:57'),
(24, 45, 24, 6, '…..', 'agartala', '2024-04-13 17:02:57'),
(25, 31, 27, 14, ';;;@', 'agra', '2024-04-13 17:02:57'),
(26, 39, 11, 14, '.', 'ahiwara', '2024-04-13 17:02:57'),
(27, 38, 7, 16, '…', 'ahmedabad', '2024-04-13 17:02:57'),
(28, 38, 14, 23, '….....', 'ahmedgarh', '2024-04-13 17:02:57'),
(29, 41, 35, 9, '…..', 'ahmednagar', '2024-04-13 17:02:57'),
(30, 1, 9, 15, './//', 'ahmedpur', '2024-04-13 17:02:57'),
(31, 39, 14, 21, '???/', 'aizawl', '2024-04-13 17:02:57'),
(32, 42, 3, 5, '//\"\"//', 'ajmer', '2024-04-13 17:02:57'),
(33, 17, 45, 1, 'Selfie on fleek.', 'ajra', '2024-04-13 17:02:57'),
(34, 2, 15, 25, 'This is how to become a heart breaker.', 'akaltara', '2024-04-13 17:02:57'),
(35, 2, 20, 40, 'No guts, no story.', 'akathiyoor', '2024-04-13 17:02:57'),
(36, 24, 33, 26, 'The selfie is the worst judge of beauty.', 'akhnoor', '2024-04-13 17:02:57'),
(37, 7, 15, 4, 'Nobody’s perfect…but I’m close.', 'akkalkot', '2024-04-13 17:02:57'),
(38, 46, 1, 38, 'Does this selfie make me look fat?', 'akola', '2024-04-13 17:02:57'),
(39, 25, 25, 47, 'Rate this selfie from 1-10.', 'akot', '2024-04-13 17:02:57'),
(40, 49, 6, 39, 'But first… let me take a selfie.', 'alandha', '2024-04-13 17:02:57'),
(41, 49, 45, 5, 'Gracing your feed with this fabulous selfie.', 'alandi', '2024-04-13 17:02:57'),
(42, 21, 30, 47, 'Mirror: “You look cute today.” Camera: “LOL, no.”', 'alang', '2024-04-13 17:02:57'),
(43, 13, 39, 42, 'Life is like a mirror, we get the best results when we smile.', 'alappuzha', '2024-04-13 17:02:57'),
(44, 18, 39, 42, 'Smile at the world, and she’ll smile back.', 'aldona', '2024-04-13 17:02:57'),
(45, 35, 20, 3, 'Keep the Smile On!', 'alibag', '2024-04-13 17:02:57'),
(46, 25, 24, 7, 'Please don’t download my Selfie, you may fall in love with me.', 'aligarh', '2024-04-13 17:02:57'),
(47, 35, 45, 18, 'Silly girls are the best.', 'alipurduar', '2024-04-13 17:02:57'),
(48, 45, 28, 47, 'I am not a selfie expert.', 'allahabad', '2024-04-13 17:02:57'),
(49, 22, 9, 23, 'Life is better when you’re smiling.', 'almora', '2024-04-13 17:02:57'),
(50, 26, 12, 7, 'I don’t take selfies all the time, just every day.', 'aalanavara', '2024-04-13 17:02:57'),
(51, 46, 10, 43, 'Be the best version of yourself.', 'along', '2024-04-13 17:02:57'),
(52, 28, 39, 3, 'Beauty begins the moment you decide to be yourself.', 'alur', '2024-04-13 17:02:57'),
(53, 38, 46, 11, 'Do more of what makes you happy.', 'assam', '2024-04-13 17:02:57'),
(54, 14, 20, 22, 'Anti-You.', 'jammu and kashmir', '2024-04-13 17:02:57'),
(55, 28, 17, 42, 'Sometimes I’m in a selfie mood.', 'maharashtra', '2024-04-13 17:02:57'),
(56, 29, 17, 34, 'I am not taking a selfie, I am just checking my camera quality.', 'maharashtra', '2024-04-13 17:02:57'),
(57, 15, 36, 40, 'Animal selfies are the best selfies.', 'uttar pradesh', '2024-04-13 17:02:57'),
(58, 49, 28, 40, 'Selfie Time!', 'west bengal', '2024-04-13 17:02:57'),
(59, 36, 21, 20, 'Simplicity is the key to brilliance.', 'uttar pradesh', '2024-04-13 17:02:57'),
(60, 46, 33, 37, 'There is beauty in simplicity.', 'uttarakhand', '2024-04-13 17:02:57'),
(61, 22, 16, 10, 'Be obsessively grateful.', 'karnataka', '2024-04-13 17:02:57'),
(62, 15, 37, 9, 'May your day feel as good as taking this perfect selfie on the first try.', 'arunachal pradesh', '2024-04-13 17:02:57'),
(63, 9, 43, 14, 'I’m not lazy, just relaxed.', 'maharashtra', '2024-04-13 17:02:57'),
(64, 33, 4, 13, 'Dinner time is selfie time.', 'maharashtra', '2024-04-13 17:02:57'),
(65, 50, 30, 7, 'I must have no selfie control.', 'karnataka', '2024-04-13 17:02:57'),
(66, 4, 4, 20, 'All-natural.', 'maharashtra', '2024-04-13 17:02:57'),
(67, 13, 20, 17, 'May your day feel as good as taking this perfect selfie on the first try.', 'gujarat', '2024-04-13 17:02:57'),
(68, 44, 42, 12, 'My favorite part about this selfie is the invisible crown.', 'kerala', '2024-04-13 17:02:57'),
(69, 16, 23, 37, 'Keep calm and take a selfie.', 'goa', '2024-04-13 17:02:57'),
(70, 17, 39, 40, 'Some call it arrogant, I call it confidence.', 'uttar pradesh', '2024-04-13 17:02:57'),
(71, 10, 39, 29, 'I woke up like this; flawless.', 'gujarat', '2024-04-13 17:02:57'),
(72, 28, 14, 31, '“Who said I was an angel?”', 'andhra pradesh', '2024-04-13 17:02:57'),
(73, 20, 47, 8, 'Bout to make me give you a reason to be insecure.', 'gujarat', '2024-04-13 17:02:57'),
(74, 13, 27, 37, 'Dress like you’re already famous!', 'karnataka', '2024-04-13 17:02:57'),
(75, 6, 21, 5, 'You’re not fully dressed until you sparkle.', 'andhra pradesh', '2024-04-13 17:02:57'),
(76, 32, 21, 19, 'Normal is boring for me.', 'kerala', '2024-04-13 17:02:57'),
(77, 40, 15, 19, 'I am not trying to be cool, It’s what I am.', 'karnataka', '2024-04-13 17:02:57'),
(78, 3, 17, 38, 'I collect smiles, and then I give them away.', 'west bengal', '2024-04-13 17:02:57'),
(79, 36, 30, 29, 'A girl should be like a butterfly. Pretty to see, hard to catch.', 'karnataka', '2024-04-13 17:02:57'),
(80, 25, 14, 18, 'Queen of own world.', 'tripura', '2024-04-13 17:02:57'),
(81, 41, 2, 37, 'Being sexy is about attitude possessed, not a body type. It’s a state of mind.', 'uttar pradesh', '2024-04-13 17:02:57'),
(82, 32, 32, 26, 'Sexy is being confident, independent, and having fun.', 'chhattisgarh', '2024-04-13 17:02:57'),
(83, 15, 6, 40, 'If you cannot do great things, do small things in a great way.', 'gujarat', '2024-04-13 17:02:57'),
(84, 8, 9, 29, 'She turned her can’t into cans & her dreams into plans.', 'punjab', '2024-04-13 17:02:57'),
(85, 19, 28, 27, 'Coffee in one hand, Confidence in other.', 'maharashtra', '2024-04-13 17:02:57'),
(86, 48, 30, 27, 'Short hair, don’t care.', 'maharashtra', '2024-04-13 17:02:57'),
(87, 40, 14, 16, 'Be your own reason to smile.', 'mizoram', '2024-04-13 17:02:57'),
(88, 22, 18, 14, 'Seek respect, not attention.', 'rajasthan', '2024-04-13 17:02:57'),
(89, 49, 48, 43, 'I dress to impress myself.', 'maharashtra', '2024-04-13 17:02:57'),
(90, 32, 12, 30, 'A smile is the best makeup a girl can wear.', 'chhattisgarh', '2024-04-13 17:02:57'),
(91, 17, 23, 3, 'She was like a moon, a part of her always stayed hidden.', 'kerala', '2024-04-13 17:02:57'),
(92, 33, 8, 11, 'Smile with your eyes.', 'jammu and kashmir', '2024-04-13 17:02:57'),
(93, 19, 40, 45, 'Life is too short to wear boring clothes.', 'maharashtra', '2024-04-13 17:02:57'),
(94, 49, 27, 44, 'Lift up your head princess, if not the crown falls.', 'The Red Fort, Delhi.', '2024-04-13 17:02:57'),
(95, 41, 3, 26, 'Dressing well is the best revenge.', 'The Taj Mahal, Agra.', '2024-04-13 17:02:57'),
(96, 22, 4, 47, 'I don’t worry. I don’t doubt it. I’m daring. I’m a rebel.', 'Pangong Lake, Ladakh.', '2024-04-13 17:02:57'),
(97, 36, 34, 7, 'Life happens, coffee helps.', 'Valley of Flowers, Nainital.', '2024-04-13 17:02:57'),
(98, 6, 34, 50, 'You must be bold, brave, and courageous and find a way… to get in the way.', 'Jaisalmer Fort, Jaisalmer.', '2024-04-13 17:02:57'),
(99, 23, 1, 30, 'Don’t stop when you are tired. Stop when you are done!', 'Ruins of Hampi, Karnataka.', '2024-04-13 17:02:57'),
(100, 31, 45, 36, 'This is my moment I just feel so alive.', 'Ghats at Varanasi, Uttar Pradesh.', '2024-04-13 17:02:57');

--
-- Triggers `post`
--
DELIMITER $$
CREATE TRIGGER `update_post_count` AFTER INSERT ON `post` FOR EACH ROW BEGIN
    UPDATE users SET post_count = post_count + 1 WHERE user_id = NEW.user_id;
END
$$
DELIMITER ;

-- --------------------------------------------------------

--
-- Table structure for table `post_likes`
--

CREATE TABLE `post_likes` (
  `user_id` int(11) NOT NULL,
  `post_id` int(11) NOT NULL,
  `created_at` timestamp NOT NULL DEFAULT current_timestamp()
) ENGINE=InnoDB DEFAULT CHARSET=utf8mb4 COLLATE=utf8mb4_general_ci;

--
-- Dumping data for table `post_likes`
--

INSERT INTO `post_likes` (`user_id`, `post_id`, `created_at`) VALUES
(1, 2, '2024-04-13 17:03:05'),
(1, 5, '2024-04-13 17:03:04'),
(1, 9, '2024-04-13 17:03:00'),
(1, 16, '2024-04-13 17:03:01'),
(1, 17, '2024-04-13 17:03:09'),
(1, 18, '2024-04-13 17:03:06'),
(1, 20, '2024-04-13 17:03:05'),
(1, 23, '2024-04-13 17:03:05'),
(1, 24, '2024-04-13 17:02:59'),
(1, 28, '2024-04-13 17:03:05'),
(1, 32, '2024-04-13 17:03:00'),
(1, 34, '2024-04-13 17:03:01'),
(1, 35, '2024-04-13 17:03:01'),
(1, 36, '2024-04-13 17:03:05'),
(1, 37, '2024-04-13 17:03:01'),
(1, 39, '2024-04-13 17:03:05'),
(1, 40, '2024-04-13 17:03:03'),
(1, 41, '2024-04-13 17:02:59'),
(1, 43, '2024-04-13 17:03:05'),
(1, 47, '2024-04-13 17:03:02'),
(1, 51, '2024-04-13 17:03:01'),
(1, 52, '2024-04-13 17:03:00'),
(1, 54, '2024-04-13 17:03:01'),
(1, 58, '2024-04-13 17:03:05'),
(1, 61, '2024-04-13 17:03:06'),
(1, 63, '2024-04-13 17:03:04'),
(1, 64, '2024-04-13 17:03:04'),
(1, 65, '2024-04-13 17:03:00'),
(1, 66, '2024-04-13 17:03:05'),
(1, 67, '2024-04-13 17:03:03'),
(1, 70, '2024-04-13 17:03:02'),
(1, 71, '2024-04-13 17:03:01'),
(1, 78, '2024-04-13 17:03:02'),
(1, 85, '2024-04-13 17:03:02'),
(1, 89, '2024-04-13 17:03:09'),
(1, 94, '2024-04-13 17:03:06'),
(1, 97, '2024-04-13 17:03:04'),
(1, 98, '2024-04-13 17:03:07'),
(2, 1, '2024-04-13 17:03:01'),
(2, 3, '2024-04-13 17:03:03'),
(2, 5, '2024-04-13 17:03:06'),
(2, 7, '2024-04-13 17:03:05'),
(2, 9, '2024-04-13 17:03:07'),
(2, 10, '2024-04-13 17:03:00'),
(2, 12, '2024-04-13 17:02:59'),
(2, 15, '2024-04-13 17:03:01'),
(2, 18, '2024-04-13 17:03:08'),
(2, 19, '2024-04-13 17:03:05'),
(2, 25, '2024-04-13 17:03:00'),
(2, 27, '2024-04-13 17:03:04'),
(2, 28, '2024-04-13 17:03:06'),
(2, 29, '2024-04-13 17:03:01'),
(2, 31, '2024-04-13 17:03:05'),
(2, 36, '2024-04-13 17:03:01'),
(2, 38, '2024-04-13 17:03:07'),
(2, 39, '2024-04-13 17:03:05'),
(2, 40, '2024-04-13 17:03:06'),
(2, 42, '2024-04-13 17:03:08'),
(2, 44, '2024-04-13 17:03:07'),
(2, 46, '2024-04-13 17:03:01'),
(2, 48, '2024-04-13 17:03:03'),
(2, 50, '2024-04-13 17:03:01'),
(2, 51, '2024-04-13 17:03:07'),
(2, 52, '2024-04-13 17:03:00'),
(2, 54, '2024-04-13 17:03:04'),
(2, 57, '2024-04-13 17:03:04'),
(2, 58, '2024-04-13 17:03:05'),
(2, 60, '2024-04-13 17:03:00'),
(2, 63, '2024-04-13 17:03:06'),
(2, 64, '2024-04-13 17:03:07'),
(2, 65, '2024-04-13 17:03:05'),
(2, 71, '2024-04-13 17:03:04'),
(2, 73, '2024-04-13 17:03:08'),
(2, 78, '2024-04-13 17:03:08'),
(2, 80, '2024-04-13 17:03:07'),
(2, 81, '2024-04-13 17:03:02'),
(2, 83, '2024-04-13 17:03:04'),
(2, 84, '2024-04-13 17:03:07'),
(2, 85, '2024-04-13 17:03:00'),
(2, 86, '2024-04-13 17:03:06'),
(2, 88, '2024-04-13 17:03:00'),
(2, 93, '2024-04-13 17:03:05'),
(2, 94, '2024-04-13 17:03:00'),
(2, 96, '2024-04-13 17:03:01'),
(2, 99, '2024-04-13 17:03:04'),
(3, 1, '2024-04-13 17:03:04'),
(3, 3, '2024-04-13 17:03:03'),
(3, 4, '2024-04-13 17:03:05'),
(3, 6, '2024-04-13 17:03:04'),
(3, 8, '2024-04-13 17:03:00'),
(3, 9, '2024-04-13 17:03:04'),
(3, 10, '2024-04-13 17:03:00'),
(3, 12, '2024-04-13 17:03:03'),
(3, 16, '2024-04-13 17:03:03'),
(3, 18, '2024-04-13 17:03:07'),
(3, 23, '2024-04-13 17:03:00'),
(3, 30, '2024-04-13 17:03:07'),
(3, 34, '2024-04-13 17:03:01'),
(3, 38, '2024-04-13 17:03:00'),
(3, 46, '2024-04-13 17:03:03'),
(3, 52, '2024-04-13 17:03:02'),
(3, 54, '2024-04-13 17:03:01'),
(3, 56, '2024-04-13 17:03:00'),
(3, 59, '2024-04-13 17:02:59'),
(3, 63, '2024-04-13 17:03:05'),
(3, 64, '2024-04-13 17:03:04'),
(3, 65, '2024-04-13 17:03:05'),
(3, 70, '2024-04-13 17:03:08'),
(3, 73, '2024-04-13 17:03:03'),
(3, 74, '2024-04-13 17:03:07'),
(3, 76, '2024-04-13 17:03:01'),
(3, 78, '2024-04-13 17:03:04'),
(3, 80, '2024-04-13 17:03:08'),
(3, 81, '2024-04-13 17:03:07'),
(3, 82, '2024-04-13 17:02:59'),
(3, 85, '2024-04-13 17:03:09'),
(3, 90, '2024-04-13 17:03:02'),
(3, 95, '2024-04-13 17:03:00'),
(3, 96, '2024-04-13 17:03:02'),
(3, 99, '2024-04-13 17:03:08'),
(4, 2, '2024-04-13 17:03:00'),
(4, 3, '2024-04-13 17:03:07'),
(4, 6, '2024-04-13 17:03:00'),
(4, 8, '2024-04-13 17:03:09'),
(4, 9, '2024-04-13 17:02:59'),
(4, 10, '2024-04-13 17:03:07'),
(4, 13, '2024-04-13 17:03:06'),
(4, 15, '2024-04-13 17:03:04'),
(4, 17, '2024-04-13 17:03:03'),
(4, 18, '2024-04-13 17:03:07'),
(4, 19, '2024-04-13 17:03:05'),
(4, 21, '2024-04-13 17:03:01'),
(4, 24, '2024-04-13 17:03:00'),
(4, 27, '2024-04-13 17:02:59'),
(4, 30, '2024-04-13 17:03:06'),
(4, 31, '2024-04-13 17:03:05'),
(4, 33, '2024-04-13 17:03:08'),
(4, 37, '2024-04-13 17:03:05'),
(4, 42, '2024-04-13 17:03:05'),
(4, 43, '2024-04-13 17:03:08'),
(4, 44, '2024-04-13 17:03:04'),
(4, 47, '2024-04-13 17:03:06'),
(4, 48, '2024-04-13 17:03:07'),
(4, 52, '2024-04-13 17:03:01'),
(4, 56, '2024-04-13 17:02:59'),
(4, 62, '2024-04-13 17:03:05'),
(4, 68, '2024-04-13 17:03:02'),
(4, 71, '2024-04-13 17:03:07'),
(4, 83, '2024-04-13 17:03:02'),
(4, 84, '2024-04-13 17:02:59'),
(4, 87, '2024-04-13 17:03:01'),
(4, 90, '2024-04-13 17:03:00'),
(4, 91, '2024-04-13 17:03:08'),
(4, 93, '2024-04-13 17:03:01'),
(4, 98, '2024-04-13 17:02:59'),
(4, 100, '2024-04-13 17:03:01'),
(5, 1, '2024-04-13 17:03:01'),
(5, 4, '2024-04-13 17:03:06'),
(5, 11, '2024-04-13 17:03:08'),
(5, 12, '2024-04-13 17:03:05'),
(5, 15, '2024-04-13 17:03:03'),
(5, 24, '2024-04-13 17:03:05'),
(5, 28, '2024-04-13 17:03:05'),
(5, 29, '2024-04-13 17:03:07'),
(5, 31, '2024-04-13 17:03:06'),
(5, 34, '2024-04-13 17:03:03'),
(5, 39, '2024-04-13 17:03:01'),
(5, 40, '2024-04-13 17:03:04'),
(5, 42, '2024-04-13 17:03:01'),
(5, 43, '2024-04-13 17:03:01'),
(5, 45, '2024-04-13 17:03:01'),
(5, 58, '2024-04-13 17:03:06'),
(5, 59, '2024-04-13 17:02:59'),
(5, 62, '2024-04-13 17:02:59'),
(5, 65, '2024-04-13 17:03:02'),
(5, 66, '2024-04-13 17:03:04'),
(5, 67, '2024-04-13 17:03:00'),
(5, 70, '2024-04-13 17:03:00'),
(5, 79, '2024-04-13 17:03:07'),
(5, 82, '2024-04-13 17:03:01'),
(5, 87, '2024-04-13 17:03:01'),
(5, 90, '2024-04-13 17:02:59'),
(5, 91, '2024-04-13 17:03:03'),
(5, 92, '2024-04-13 17:03:08'),
(5, 96, '2024-04-13 17:03:02'),
(5, 97, '2024-04-13 17:03:00'),
(5, 99, '2024-04-13 17:03:08'),
(6, 1, '2024-04-13 17:03:00'),
(6, 11, '2024-04-13 17:03:00'),
(6, 12, '2024-04-13 17:03:04'),
(6, 19, '2024-04-13 17:03:04'),
(6, 29, '2024-04-13 17:03:05'),
(6, 30, '2024-04-13 17:03:01'),
(6, 32, '2024-04-13 17:03:00'),
(6, 36, '2024-04-13 17:03:06'),
(6, 40, '2024-04-13 17:02:59'),
(6, 41, '2024-04-13 17:03:04'),
(6, 49, '2024-04-13 17:03:05'),
(6, 52, '2024-04-13 17:03:04'),
(6, 55, '2024-04-13 17:03:02'),
(6, 57, '2024-04-13 17:03:05'),
(6, 62, '2024-04-13 17:02:59'),
(6, 64, '2024-04-13 17:03:05'),
(6, 68, '2024-04-13 17:03:03'),
(6, 69, '2024-04-13 17:02:59'),
(6, 71, '2024-04-13 17:03:05'),
(6, 74, '2024-04-13 17:03:00'),
(6, 75, '2024-04-13 17:03:08'),
(6, 76, '2024-04-13 17:03:00'),
(6, 78, '2024-04-13 17:03:04'),
(6, 83, '2024-04-13 17:03:02'),
(6, 85, '2024-04-13 17:03:04'),
(6, 88, '2024-04-13 17:03:02'),
(6, 95, '2024-04-13 17:03:06'),
(6, 97, '2024-04-13 17:03:03'),
(6, 98, '2024-04-13 17:03:07'),
(6, 99, '2024-04-13 17:03:03'),
(6, 100, '2024-04-13 17:03:07'),
(7, 2, '2024-04-13 17:03:01'),
(7, 5, '2024-04-13 17:03:04'),
(7, 8, '2024-04-13 17:03:05'),
(7, 11, '2024-04-13 17:03:09'),
(7, 16, '2024-04-13 17:03:06'),
(7, 17, '2024-04-13 17:03:06'),
(7, 19, '2024-04-13 17:03:01'),
(7, 21, '2024-04-13 17:03:05'),
(7, 22, '2024-04-13 17:03:07'),
(7, 24, '2024-04-13 17:03:00'),
(7, 30, '2024-04-13 17:03:08'),
(7, 31, '2024-04-13 17:03:01'),
(7, 33, '2024-04-13 17:03:00'),
(7, 35, '2024-04-13 17:03:01'),
(7, 40, '2024-04-13 17:03:01'),
(7, 42, '2024-04-13 17:03:01'),
(7, 44, '2024-04-13 17:03:00'),
(7, 45, '2024-04-13 17:03:00'),
(7, 47, '2024-04-13 17:03:08'),
(7, 48, '2024-04-13 17:03:08'),
(7, 50, '2024-04-13 17:03:06'),
(7, 54, '2024-04-13 17:03:09'),
(7, 56, '2024-04-13 17:03:05'),
(7, 60, '2024-04-13 17:03:00'),
(7, 61, '2024-04-13 17:03:01'),
(7, 62, '2024-04-13 17:03:00'),
(7, 65, '2024-04-13 17:03:04'),
(7, 66, '2024-04-13 17:03:01'),
(7, 67, '2024-04-13 17:03:05'),
(7, 69, '2024-04-13 17:03:05'),
(7, 72, '2024-04-13 17:03:00'),
(7, 74, '2024-04-13 17:03:00'),
(7, 75, '2024-04-13 17:03:05'),
(7, 76, '2024-04-13 17:03:03'),
(7, 78, '2024-04-13 17:03:02'),
(7, 80, '2024-04-13 17:03:03'),
(7, 81, '2024-04-13 17:03:01'),
(7, 84, '2024-04-13 17:03:07'),
(7, 90, '2024-04-13 17:03:04'),
(7, 94, '2024-04-13 17:03:01'),
(7, 98, '2024-04-13 17:03:05'),
(7, 99, '2024-04-13 17:03:04'),
(7, 100, '2024-04-13 17:03:08'),
(8, 6, '2024-04-13 17:03:08'),
(8, 7, '2024-04-13 17:03:00'),
(8, 10, '2024-04-13 17:03:04'),
(8, 14, '2024-04-13 17:03:02'),
(8, 18, '2024-04-13 17:03:00'),
(8, 19, '2024-04-13 17:03:07'),
(8, 21, '2024-04-13 17:03:08'),
(8, 22, '2024-04-13 17:03:01'),
(8, 29, '2024-04-13 17:03:05'),
(8, 30, '2024-04-13 17:03:08'),
(8, 33, '2024-04-13 17:03:03'),
(8, 35, '2024-04-13 17:03:03'),
(8, 37, '2024-04-13 17:03:07'),
(8, 39, '2024-04-13 17:03:04'),
(8, 41, '2024-04-13 17:03:08'),
(8, 42, '2024-04-13 17:03:03'),
(8, 45, '2024-04-13 17:03:05'),
(8, 49, '2024-04-13 17:03:02'),
(8, 54, '2024-04-13 17:02:59'),
(8, 55, '2024-04-13 17:03:03'),
(8, 58, '2024-04-13 17:03:02'),
(8, 59, '2024-04-13 17:03:03'),
(8, 61, '2024-04-13 17:03:01'),
(8, 63, '2024-04-13 17:03:02'),
(8, 67, '2024-04-13 17:03:01'),
(8, 76, '2024-04-13 17:03:05'),
(8, 77, '2024-04-13 17:03:00'),
(8, 78, '2024-04-13 17:03:00'),
(8, 80, '2024-04-13 17:03:01'),
(8, 82, '2024-04-13 17:03:00'),
(8, 85, '2024-04-13 17:03:03'),
(8, 86, '2024-04-13 17:03:08'),
(8, 87, '2024-04-13 17:03:00'),
(8, 88, '2024-04-13 17:03:01'),
(8, 93, '2024-04-13 17:03:07'),
(8, 97, '2024-04-13 17:03:08'),
(8, 98, '2024-04-13 17:03:07'),
(9, 2, '2024-04-13 17:03:00'),
(9, 3, '2024-04-13 17:03:00'),
(9, 7, '2024-04-13 17:03:01'),
(9, 8, '2024-04-13 17:03:00'),
(9, 10, '2024-04-13 17:03:05'),
(9, 11, '2024-04-13 17:03:00'),
(9, 17, '2024-04-13 17:03:07'),
(9, 21, '2024-04-13 17:03:06'),
(9, 22, '2024-04-13 17:03:07'),
(9, 27, '2024-04-13 17:03:09'),
(9, 29, '2024-04-13 17:03:08'),
(9, 34, '2024-04-13 17:03:07'),
(9, 37, '2024-04-13 17:03:05'),
(9, 40, '2024-04-13 17:03:08'),
(9, 41, '2024-04-13 17:03:01'),
(9, 43, '2024-04-13 17:03:08'),
(9, 45, '2024-04-13 17:03:07'),
(9, 49, '2024-04-13 17:03:00'),
(9, 52, '2024-04-13 17:03:08'),
(9, 53, '2024-04-13 17:03:00'),
(9, 55, '2024-04-13 17:03:00'),
(9, 58, '2024-04-13 17:03:06'),
(9, 60, '2024-04-13 17:03:01'),
(9, 64, '2024-04-13 17:03:02'),
(9, 66, '2024-04-13 17:03:04'),
(9, 70, '2024-04-13 17:03:08'),
(9, 71, '2024-04-13 17:03:06'),
(9, 72, '2024-04-13 17:03:00'),
(9, 73, '2024-04-13 17:03:05'),
(9, 74, '2024-04-13 17:03:00'),
(9, 76, '2024-04-13 17:03:03'),
(9, 79, '2024-04-13 17:03:05'),
(9, 80, '2024-04-13 17:03:03'),
(9, 88, '2024-04-13 17:03:00'),
(9, 91, '2024-04-13 17:03:02'),
(9, 98, '2024-04-13 17:03:06'),
(10, 5, '2024-04-13 17:03:06'),
(10, 9, '2024-04-13 17:03:00'),
(10, 10, '2024-04-13 17:03:00'),
(10, 11, '2024-04-13 17:03:05'),
(10, 14, '2024-04-13 17:03:08'),
(10, 15, '2024-04-13 17:03:07'),
(10, 19, '2024-04-13 17:03:05'),
(10, 20, '2024-04-13 17:03:07'),
(10, 23, '2024-04-13 17:03:08'),
(10, 25, '2024-04-13 17:03:00'),
(10, 27, '2024-04-13 17:03:07'),
(10, 28, '2024-04-13 17:03:07'),
(10, 36, '2024-04-13 17:03:06'),
(10, 37, '2024-04-13 17:03:07'),
(10, 38, '2024-04-13 17:03:05'),
(10, 40, '2024-04-13 17:03:05'),
(10, 48, '2024-04-13 17:03:06'),
(10, 52, '2024-04-13 17:03:01'),
(10, 61, '2024-04-13 17:03:00'),
(10, 71, '2024-04-13 17:03:03'),
(10, 72, '2024-04-13 17:03:05'),
(10, 74, '2024-04-13 17:03:06'),
(10, 76, '2024-04-13 17:03:01'),
(10, 78, '2024-04-13 17:03:08'),
(10, 79, '2024-04-13 17:02:59'),
(10, 83, '2024-04-13 17:03:01'),
(11, 1, '2024-04-13 17:03:00'),
(11, 2, '2024-04-13 17:03:00'),
(11, 5, '2024-04-13 17:03:02'),
(11, 6, '2024-04-13 17:03:06'),
(11, 8, '2024-04-13 17:03:06'),
(11, 9, '2024-04-13 17:03:04'),
(11, 10, '2024-04-13 17:03:05'),
(11, 12, '2024-04-13 17:03:02'),
(11, 18, '2024-04-13 17:03:01'),
(11, 21, '2024-04-13 17:03:01'),
(11, 24, '2024-04-13 17:03:01'),
(11, 27, '2024-04-13 17:03:01'),
(11, 28, '2024-04-13 17:03:09'),
(11, 29, '2024-04-13 17:03:06'),
(11, 33, '2024-04-13 17:03:07'),
(11, 35, '2024-04-13 17:03:04'),
(11, 36, '2024-04-13 17:03:04'),
(11, 38, '2024-04-13 17:03:04'),
(11, 43, '2024-04-13 17:03:08'),
(11, 44, '2024-04-13 17:03:00'),
(11, 46, '2024-04-13 17:03:07'),
(11, 50, '2024-04-13 17:03:07'),
(11, 53, '2024-04-13 17:03:08'),
(11, 55, '2024-04-13 17:03:08'),
(11, 67, '2024-04-13 17:03:05'),
(11, 72, '2024-04-13 17:03:00'),
(11, 74, '2024-04-13 17:03:04'),
(11, 75, '2024-04-13 17:03:00'),
(11, 76, '2024-04-13 17:03:05'),
(11, 81, '2024-04-13 17:03:07'),
(11, 82, '2024-04-13 17:03:02'),
(11, 83, '2024-04-13 17:03:08'),
(11, 84, '2024-04-13 17:03:01'),
(11, 85, '2024-04-13 17:03:00'),
(11, 86, '2024-04-13 17:03:00'),
(11, 90, '2024-04-13 17:03:08'),
(11, 93, '2024-04-13 17:03:06'),
(11, 94, '2024-04-13 17:03:06'),
(11, 95, '2024-04-13 17:03:04'),
(11, 96, '2024-04-13 17:03:02'),
(11, 97, '2024-04-13 17:03:00'),
(11, 98, '2024-04-13 17:03:03'),
(11, 100, '2024-04-13 17:03:01'),
(12, 3, '2024-04-13 17:03:08'),
(12, 5, '2024-04-13 17:03:06'),
(12, 7, '2024-04-13 17:03:07'),
(12, 10, '2024-04-13 17:03:05'),
(12, 13, '2024-04-13 17:03:01'),
(12, 16, '2024-04-13 17:03:01'),
(12, 17, '2024-04-13 17:03:02'),
(12, 27, '2024-04-13 17:03:02'),
(12, 30, '2024-04-13 17:03:06'),
(12, 31, '2024-04-13 17:03:02'),
(12, 35, '2024-04-13 17:03:06'),
(12, 36, '2024-04-13 17:03:00'),
(12, 38, '2024-04-13 17:03:01'),
(12, 39, '2024-04-13 17:03:00'),
(12, 41, '2024-04-13 17:03:00'),
(12, 42, '2024-04-13 17:03:03'),
(12, 46, '2024-04-13 17:03:01'),
(12, 47, '2024-04-13 17:03:02'),
(12, 52, '2024-04-13 17:03:00'),
(12, 57, '2024-04-13 17:03:01'),
(12, 58, '2024-04-13 17:03:05'),
(12, 66, '2024-04-13 17:03:05'),
(12, 67, '2024-04-13 17:03:03'),
(12, 68, '2024-04-13 17:03:04'),
(12, 69, '2024-04-13 17:03:06'),
(12, 73, '2024-04-13 17:03:01'),
(12, 75, '2024-04-13 17:03:06'),
(12, 76, '2024-04-13 17:03:07'),
(12, 77, '2024-04-13 17:03:09'),
(12, 78, '2024-04-13 17:03:07'),
(12, 79, '2024-04-13 17:03:01'),
(12, 80, '2024-04-13 17:03:03'),
(12, 82, '2024-04-13 17:03:01'),
(12, 83, '2024-04-13 17:03:06'),
(12, 86, '2024-04-13 17:03:05'),
(12, 88, '2024-04-13 17:03:02'),
(12, 89, '2024-04-13 17:03:05'),
(12, 94, '2024-04-13 17:03:08'),
(12, 99, '2024-04-13 17:03:05'),
(13, 2, '2024-04-13 17:03:00'),
(13, 3, '2024-04-13 17:03:07'),
(13, 5, '2024-04-13 17:03:03'),
(13, 10, '2024-04-13 17:03:07'),
(13, 15, '2024-04-13 17:03:05'),
(13, 17, '2024-04-13 17:03:00'),
(13, 19, '2024-04-13 17:03:01'),
(13, 22, '2024-04-13 17:03:00'),
(13, 23, '2024-04-13 17:03:05'),
(13, 28, '2024-04-13 17:03:00'),
(13, 32, '2024-04-13 17:03:07'),
(13, 33, '2024-04-13 17:03:01'),
(13, 38, '2024-04-13 17:03:05'),
(13, 46, '2024-04-13 17:03:06'),
(13, 48, '2024-04-13 17:03:01'),
(13, 51, '2024-04-13 17:03:00'),
(13, 52, '2024-04-13 17:03:02'),
(13, 53, '2024-04-13 17:03:07'),
(13, 58, '2024-04-13 17:03:04'),
(13, 59, '2024-04-13 17:03:07'),
(13, 62, '2024-04-13 17:03:06'),
(13, 63, '2024-04-13 17:03:01'),
(13, 68, '2024-04-13 17:03:00'),
(13, 69, '2024-04-13 17:03:05'),
(13, 74, '2024-04-13 17:03:01'),
(13, 76, '2024-04-13 17:03:07'),
(13, 80, '2024-04-13 17:03:01'),
(13, 82, '2024-04-13 17:03:02'),
(13, 83, '2024-04-13 17:03:06'),
(13, 84, '2024-04-13 17:03:07'),
(13, 86, '2024-04-13 17:03:05'),
(13, 87, '2024-04-13 17:03:00'),
(13, 89, '2024-04-13 17:03:02'),
(13, 91, '2024-04-13 17:03:05'),
(13, 95, '2024-04-13 17:03:00'),
(13, 98, '2024-04-13 17:03:07'),
(13, 100, '2024-04-13 17:03:06'),
(14, 3, '2024-04-13 17:03:03'),
(14, 6, '2024-04-13 17:03:00'),
(14, 8, '2024-04-13 17:03:02'),
(14, 14, '2024-04-13 17:03:05'),
(14, 15, '2024-04-13 17:03:01'),
(14, 16, '2024-04-13 17:03:07'),
(14, 18, '2024-04-13 17:03:08'),
(14, 19, '2024-04-13 17:03:02'),
(14, 21, '2024-04-13 17:03:00'),
(14, 23, '2024-04-13 17:03:01'),
(14, 25, '2024-04-13 17:03:02'),
(14, 28, '2024-04-13 17:03:00'),
(14, 29, '2024-04-13 17:03:07'),
(14, 30, '2024-04-13 17:03:02'),
(14, 31, '2024-04-13 17:03:01'),
(14, 35, '2024-04-13 17:03:03'),
(14, 42, '2024-04-13 17:03:01'),
(14, 46, '2024-04-13 17:03:05'),
(14, 48, '2024-04-13 17:03:00'),
(14, 49, '2024-04-13 17:02:59'),
(14, 50, '2024-04-13 17:03:05'),
(14, 53, '2024-04-13 17:03:01'),
(14, 54, '2024-04-13 17:03:02'),
(14, 55, '2024-04-13 17:03:08'),
(14, 62, '2024-04-13 17:03:06'),
(14, 72, '2024-04-13 17:03:06'),
(14, 79, '2024-04-13 17:03:07'),
(14, 81, '2024-04-13 17:03:03'),
(14, 84, '2024-04-13 17:03:07'),
(14, 85, '2024-04-13 17:03:07'),
(14, 86, '2024-04-13 17:03:08'),
(14, 87, '2024-04-13 17:03:06'),
(14, 88, '2024-04-13 17:03:04'),
(14, 91, '2024-04-13 17:03:01'),
(14, 93, '2024-04-13 17:03:07'),
(14, 94, '2024-04-13 17:03:02'),
(14, 95, '2024-04-13 17:03:00'),
(14, 100, '2024-04-13 17:03:04'),
(15, 3, '2024-04-13 17:03:03'),
(15, 4, '2024-04-13 17:03:01'),
(15, 7, '2024-04-13 17:03:00'),
(15, 12, '2024-04-13 17:03:07'),
(15, 14, '2024-04-13 17:03:07'),
(15, 16, '2024-04-13 17:03:08'),
(15, 19, '2024-04-13 17:03:04'),
(15, 20, '2024-04-13 17:03:04'),
(15, 22, '2024-04-13 17:03:00'),
(15, 23, '2024-04-13 17:03:05'),
(15, 24, '2024-04-13 17:03:05'),
(15, 25, '2024-04-13 17:03:07'),
(15, 28, '2024-04-13 17:03:02'),
(15, 29, '2024-04-13 17:03:02'),
(15, 30, '2024-04-13 17:03:00'),
(15, 41, '2024-04-13 17:03:02'),
(15, 42, '2024-04-13 17:03:03'),
(15, 44, '2024-04-13 17:03:03'),
(15, 45, '2024-04-13 17:03:05'),
(15, 48, '2024-04-13 17:03:00'),
(15, 50, '2024-04-13 17:03:02'),
(15, 54, '2024-04-13 17:03:06'),
(15, 55, '2024-04-13 17:03:03'),
(15, 58, '2024-04-13 17:03:03'),
(15, 59, '2024-04-13 17:03:08'),
(15, 60, '2024-04-13 17:03:03'),
(15, 62, '2024-04-13 17:02:59'),
(15, 68, '2024-04-13 17:03:00'),
(15, 69, '2024-04-13 17:03:06'),
(15, 72, '2024-04-13 17:03:05'),
(15, 75, '2024-04-13 17:03:00'),
(15, 76, '2024-04-13 17:03:02'),
(15, 77, '2024-04-13 17:02:59'),
(15, 88, '2024-04-13 17:03:07'),
(15, 89, '2024-04-13 17:03:05'),
(15, 90, '2024-04-13 17:03:06'),
(15, 92, '2024-04-13 17:03:02'),
(15, 95, '2024-04-13 17:03:01'),
(15, 96, '2024-04-13 17:03:09'),
(15, 97, '2024-04-13 17:03:01'),
(15, 99, '2024-04-13 17:03:03'),
(16, 2, '2024-04-13 17:03:00'),
(16, 4, '2024-04-13 17:03:07'),
(16, 5, '2024-04-13 17:03:03'),
(16, 9, '2024-04-13 17:02:59'),
(16, 12, '2024-04-13 17:03:00'),
(16, 13, '2024-04-13 17:03:03'),
(16, 17, '2024-04-13 17:03:04'),
(16, 22, '2024-04-13 17:03:00'),
(16, 23, '2024-04-13 17:02:59'),
(16, 24, '2024-04-13 17:03:03'),
(16, 26, '2024-04-13 17:03:03'),
(16, 27, '2024-04-13 17:02:59'),
(16, 30, '2024-04-13 17:03:00'),
(16, 31, '2024-04-13 17:03:08'),
(16, 32, '2024-04-13 17:03:00'),
(16, 38, '2024-04-13 17:03:05'),
(16, 39, '2024-04-13 17:03:04'),
(16, 40, '2024-04-13 17:03:01'),
(16, 45, '2024-04-13 17:03:03'),
(16, 47, '2024-04-13 17:03:06'),
(16, 48, '2024-04-13 17:03:02'),
(16, 49, '2024-04-13 17:03:08'),
(16, 51, '2024-04-13 17:03:02'),
(16, 60, '2024-04-13 17:03:05'),
(16, 61, '2024-04-13 17:03:09'),
(16, 64, '2024-04-13 17:03:03'),
(16, 66, '2024-04-13 17:03:04'),
(16, 67, '2024-04-13 17:03:07'),
(16, 71, '2024-04-13 17:03:00'),
(16, 78, '2024-04-13 17:03:04'),
(16, 80, '2024-04-13 17:03:07'),
(16, 86, '2024-04-13 17:03:08'),
(16, 87, '2024-04-13 17:03:02'),
(16, 91, '2024-04-13 17:03:05'),
(16, 95, '2024-04-13 17:03:03'),
(16, 96, '2024-04-13 17:03:06'),
(16, 99, '2024-04-13 17:03:08'),
(17, 2, '2024-04-13 17:03:01'),
(17, 4, '2024-04-13 17:03:05'),
(17, 5, '2024-04-13 17:03:05'),
(17, 7, '2024-04-13 17:03:00'),
(17, 9, '2024-04-13 17:03:01'),
(17, 13, '2024-04-13 17:03:07'),
(17, 15, '2024-04-13 17:03:02'),
(17, 16, '2024-04-13 17:03:00'),
(17, 17, '2024-04-13 17:03:02'),
(17, 22, '2024-04-13 17:03:06'),
(17, 24, '2024-04-13 17:03:01'),
(17, 25, '2024-04-13 17:03:05'),
(17, 32, '2024-04-13 17:03:05'),
(17, 33, '2024-04-13 17:03:03'),
(17, 43, '2024-04-13 17:03:00'),
(17, 45, '2024-04-13 17:03:09'),
(17, 49, '2024-04-13 17:03:05'),
(17, 51, '2024-04-13 17:03:06'),
(17, 52, '2024-04-13 17:03:01'),
(17, 55, '2024-04-13 17:03:07'),
(17, 58, '2024-04-13 17:03:07'),
(17, 60, '2024-04-13 17:03:05'),
(17, 67, '2024-04-13 17:03:00'),
(17, 73, '2024-04-13 17:03:00'),
(17, 76, '2024-04-13 17:03:01'),
(17, 78, '2024-04-13 17:03:04'),
(17, 81, '2024-04-13 17:02:59'),
(17, 83, '2024-04-13 17:03:08'),
(17, 85, '2024-04-13 17:03:05'),
(17, 91, '2024-04-13 17:03:03'),
(17, 94, '2024-04-13 17:03:07'),
(17, 95, '2024-04-13 17:03:05'),
(18, 7, '2024-04-13 17:03:04'),
(18, 9, '2024-04-13 17:03:00'),
(18, 11, '2024-04-13 17:02:59'),
(18, 13, '2024-04-13 17:02:59'),
(18, 19, '2024-04-13 17:03:00'),
(18, 23, '2024-04-13 17:03:07'),
(18, 28, '2024-04-13 17:03:00'),
(18, 30, '2024-04-13 17:03:04'),
(18, 32, '2024-04-13 17:03:05'),
(18, 34, '2024-04-13 17:02:59'),
(18, 43, '2024-04-13 17:03:02'),
(18, 48, '2024-04-13 17:03:04'),
(18, 50, '2024-04-13 17:03:02'),
(18, 54, '2024-04-13 17:03:00'),
(18, 58, '2024-04-13 17:03:01'),
(18, 60, '2024-04-13 17:03:05'),
(18, 62, '2024-04-13 17:03:07'),
(18, 65, '2024-04-13 17:03:01'),
(18, 68, '2024-04-13 17:03:06'),
(18, 70, '2024-04-13 17:03:01'),
(18, 74, '2024-04-13 17:03:04'),
(18, 77, '2024-04-13 17:03:04'),
(18, 81, '2024-04-13 17:03:06'),
(18, 85, '2024-04-13 17:03:07'),
(18, 86, '2024-04-13 17:03:01'),
(18, 88, '2024-04-13 17:03:00'),
(18, 95, '2024-04-13 17:03:05'),
(18, 97, '2024-04-13 17:03:00'),
(18, 99, '2024-04-13 17:03:06'),
(19, 2, '2024-04-13 17:03:00'),
(19, 4, '2024-04-13 17:03:05'),
(19, 8, '2024-04-13 17:03:04'),
(19, 9, '2024-04-13 17:03:02'),
(19, 10, '2024-04-13 17:03:05'),
(19, 11, '2024-04-13 17:03:06'),
(19, 12, '2024-04-13 17:03:07'),
(19, 15, '2024-04-13 17:03:00'),
(19, 16, '2024-04-13 17:03:01'),
(19, 17, '2024-04-13 17:03:08'),
(19, 18, '2024-04-13 17:03:08'),
(19, 23, '2024-04-13 17:03:00'),
(19, 28, '2024-04-13 17:03:05'),
(19, 34, '2024-04-13 17:03:06'),
(19, 35, '2024-04-13 17:02:59'),
(19, 40, '2024-04-13 17:03:01'),
(19, 42, '2024-04-13 17:03:04'),
(19, 43, '2024-04-13 17:03:07'),
(19, 44, '2024-04-13 17:03:05'),
(19, 47, '2024-04-13 17:03:00'),
(19, 50, '2024-04-13 17:03:00'),
(19, 52, '2024-04-13 17:03:08'),
(19, 53, '2024-04-13 17:03:01'),
(19, 55, '2024-04-13 17:03:06'),
(19, 58, '2024-04-13 17:03:08'),
(19, 61, '2024-04-13 17:03:00'),
(19, 63, '2024-04-13 17:03:06'),
(19, 65, '2024-04-13 17:03:01'),
(19, 69, '2024-04-13 17:03:06'),
(19, 70, '2024-04-13 17:03:03'),
(19, 71, '2024-04-13 17:03:05'),
(19, 73, '2024-04-13 17:03:05'),
(19, 75, '2024-04-13 17:03:05'),
(19, 76, '2024-04-13 17:03:06'),
(19, 80, '2024-04-13 17:03:08'),
(19, 84, '2024-04-13 17:03:01'),
(19, 85, '2024-04-13 17:03:06'),
(19, 86, '2024-04-13 17:03:01'),
(19, 89, '2024-04-13 17:03:02'),
(19, 94, '2024-04-13 17:03:08'),
(19, 96, '2024-04-13 17:03:04'),
(19, 97, '2024-04-13 17:03:00'),
(19, 100, '2024-04-13 17:03:02'),
(20, 1, '2024-04-13 17:03:06'),
(20, 10, '2024-04-13 17:03:01'),
(20, 12, '2024-04-13 17:03:06'),
(20, 13, '2024-04-13 17:03:00'),
(20, 14, '2024-04-13 17:03:06'),
(20, 15, '2024-04-13 17:03:00'),
(20, 19, '2024-04-13 17:03:05'),
(20, 20, '2024-04-13 17:03:06'),
(20, 21, '2024-04-13 17:03:08'),
(20, 22, '2024-04-13 17:03:00'),
(20, 23, '2024-04-13 17:02:59'),
(20, 25, '2024-04-13 17:03:00'),
(20, 27, '2024-04-13 17:03:03'),
(20, 28, '2024-04-13 17:03:06'),
(20, 33, '2024-04-13 17:02:59'),
(20, 35, '2024-04-13 17:03:07'),
(20, 37, '2024-04-13 17:03:00'),
(20, 42, '2024-04-13 17:03:06'),
(20, 45, '2024-04-13 17:03:03'),
(20, 47, '2024-04-13 17:03:04'),
(20, 48, '2024-04-13 17:03:01'),
(20, 56, '2024-04-13 17:03:05'),
(20, 59, '2024-04-13 17:03:01'),
(20, 61, '2024-04-13 17:03:06'),
(20, 65, '2024-04-13 17:03:00'),
(20, 69, '2024-04-13 17:03:05'),
(20, 72, '2024-04-13 17:03:07'),
(20, 74, '2024-04-13 17:03:00'),
(20, 75, '2024-04-13 17:03:02'),
(20, 97, '2024-04-13 17:03:04'),
(20, 99, '2024-04-13 17:03:05'),
(21, 1, '2024-04-13 17:03:00'),
(21, 8, '2024-04-13 17:03:08'),
(21, 11, '2024-04-13 17:03:02'),
(21, 12, '2024-04-13 17:03:07'),
(21, 14, '2024-04-13 17:03:02'),
(21, 18, '2024-04-13 17:03:07'),
(21, 22, '2024-04-13 17:03:04'),
(21, 23, '2024-04-13 17:03:00'),
(21, 25, '2024-04-13 17:03:00'),
(21, 28, '2024-04-13 17:03:00'),
(21, 29, '2024-04-13 17:03:04'),
(21, 36, '2024-04-13 17:03:01'),
(21, 37, '2024-04-13 17:03:02'),
(21, 40, '2024-04-13 17:02:59'),
(21, 41, '2024-04-13 17:03:08'),
(21, 44, '2024-04-13 17:03:02'),
(21, 55, '2024-04-13 17:03:01'),
(21, 59, '2024-04-13 17:03:00'),
(21, 61, '2024-04-13 17:03:06'),
(21, 63, '2024-04-13 17:03:02'),
(21, 72, '2024-04-13 17:03:05'),
(21, 74, '2024-04-13 17:03:01'),
(21, 75, '2024-04-13 17:03:05'),
(21, 79, '2024-04-13 17:03:01'),
(21, 80, '2024-04-13 17:03:07'),
(21, 81, '2024-04-13 17:03:07'),
(21, 83, '2024-04-13 17:03:00'),
(21, 84, '2024-04-13 17:03:08'),
(21, 86, '2024-04-13 17:03:05'),
(21, 93, '2024-04-13 17:03:06'),
(21, 94, '2024-04-13 17:03:05'),
(22, 1, '2024-04-13 17:03:00'),
(22, 5, '2024-04-13 17:03:07'),
(22, 11, '2024-04-13 17:02:59'),
(22, 14, '2024-04-13 17:03:06'),
(22, 15, '2024-04-13 17:03:01'),
(22, 16, '2024-04-13 17:03:07'),
(22, 20, '2024-04-13 17:03:02'),
(22, 21, '2024-04-13 17:03:03'),
(22, 25, '2024-04-13 17:03:07'),
(22, 33, '2024-04-13 17:03:06'),
(22, 34, '2024-04-13 17:03:01'),
(22, 35, '2024-04-13 17:02:59'),
(22, 37, '2024-04-13 17:03:00'),
(22, 43, '2024-04-13 17:03:03'),
(22, 49, '2024-04-13 17:03:01'),
(22, 53, '2024-04-13 17:03:01'),
(22, 54, '2024-04-13 17:03:05'),
(22, 58, '2024-04-13 17:03:06'),
(22, 62, '2024-04-13 17:03:02'),
(22, 65, '2024-04-13 17:03:02'),
(22, 69, '2024-04-13 17:03:01'),
(22, 74, '2024-04-13 17:03:06'),
(22, 77, '2024-04-13 17:03:08'),
(22, 79, '2024-04-13 17:03:05'),
(22, 81, '2024-04-13 17:03:02'),
(22, 83, '2024-04-13 17:03:06'),
(22, 84, '2024-04-13 17:03:06'),
(22, 87, '2024-04-13 17:03:03'),
(22, 88, '2024-04-13 17:03:07'),
(22, 95, '2024-04-13 17:03:00'),
(22, 96, '2024-04-13 17:03:02'),
(23, 4, '2024-04-13 17:03:03'),
(23, 6, '2024-04-13 17:03:03'),
(23, 15, '2024-04-13 17:03:02'),
(23, 16, '2024-04-13 17:03:01'),
(23, 22, '2024-04-13 17:03:06'),
(23, 27, '2024-04-13 17:03:06'),
(23, 30, '2024-04-13 17:03:03'),
(23, 31, '2024-04-13 17:03:01'),
(23, 32, '2024-04-13 17:03:06'),
(23, 36, '2024-04-13 17:03:01'),
(23, 39, '2024-04-13 17:03:05'),
(23, 45, '2024-04-13 17:03:01'),
(23, 46, '2024-04-13 17:03:07'),
(23, 52, '2024-04-13 17:03:01'),
(23, 55, '2024-04-13 17:03:02'),
(23, 59, '2024-04-13 17:03:00'),
(23, 63, '2024-04-13 17:03:04'),
(23, 64, '2024-04-13 17:03:06'),
(23, 65, '2024-04-13 17:03:08'),
(23, 70, '2024-04-13 17:03:07'),
(23, 75, '2024-04-13 17:03:08'),
(23, 82, '2024-04-13 17:03:01'),
(23, 87, '2024-04-13 17:03:00'),
(23, 88, '2024-04-13 17:03:04'),
(23, 89, '2024-04-13 17:03:08'),
(23, 91, '2024-04-13 17:03:07'),
(23, 92, '2024-04-13 17:03:05'),
(23, 94, '2024-04-13 17:03:07'),
(23, 98, '2024-04-13 17:03:07'),
(24, 2, '2024-04-13 17:03:04'),
(24, 5, '2024-04-13 17:03:07'),
(24, 10, '2024-04-13 17:03:06'),
(24, 11, '2024-04-13 17:03:03'),
(24, 12, '2024-04-13 17:03:07'),
(24, 19, '2024-04-13 17:03:00'),
(24, 24, '2024-04-13 17:03:02'),
(24, 27, '2024-04-13 17:03:02'),
(24, 31, '2024-04-13 17:03:03'),
(24, 33, '2024-04-13 17:03:03'),
(24, 34, '2024-04-13 17:03:07'),
(24, 35, '2024-04-13 17:03:01'),
(24, 41, '2024-04-13 17:03:06'),
(24, 43, '2024-04-13 17:03:05'),
(24, 45, '2024-04-13 17:03:03'),
(24, 46, '2024-04-13 17:03:05'),
(24, 47, '2024-04-13 17:03:07'),
(24, 53, '2024-04-13 17:03:00'),
(24, 54, '2024-04-13 17:03:04'),
(24, 55, '2024-04-13 17:03:05'),
(24, 58, '2024-04-13 17:03:00'),
(24, 61, '2024-04-13 17:03:07'),
(24, 62, '2024-04-13 17:03:07'),
(24, 64, '2024-04-13 17:03:04'),
(24, 66, '2024-04-13 17:03:08'),
(24, 74, '2024-04-13 17:03:03'),
(24, 81, '2024-04-13 17:02:59'),
(24, 84, '2024-04-13 17:03:08'),
(24, 86, '2024-04-13 17:03:00'),
(24, 90, '2024-04-13 17:03:07'),
(24, 96, '2024-04-13 17:03:07'),
(24, 97, '2024-04-13 17:03:04'),
(24, 98, '2024-04-13 17:03:07'),
(24, 99, '2024-04-13 17:03:01'),
(25, 7, '2024-04-13 17:03:07'),
(25, 8, '2024-04-13 17:03:00'),
(25, 13, '2024-04-13 17:03:06'),
(25, 15, '2024-04-13 17:03:08'),
(25, 16, '2024-04-13 17:03:05'),
(25, 19, '2024-04-13 17:03:08'),
(25, 20, '2024-04-13 17:03:07'),
(25, 21, '2024-04-13 17:03:00'),
(25, 22, '2024-04-13 17:02:59'),
(25, 23, '2024-04-13 17:03:00'),
(25, 24, '2024-04-13 17:03:03'),
(25, 25, '2024-04-13 17:03:04'),
(25, 34, '2024-04-13 17:03:04'),
(25, 37, '2024-04-13 17:03:04'),
(25, 48, '2024-04-13 17:03:00'),
(25, 50, '2024-04-13 17:03:07'),
(25, 54, '2024-04-13 17:03:01'),
(25, 58, '2024-04-13 17:03:00'),
(25, 59, '2024-04-13 17:03:07'),
(25, 62, '2024-04-13 17:03:04'),
(25, 64, '2024-04-13 17:03:01'),
(25, 67, '2024-04-13 17:03:09'),
(25, 70, '2024-04-13 17:03:08'),
(25, 72, '2024-04-13 17:03:03'),
(25, 75, '2024-04-13 17:03:02'),
(25, 76, '2024-04-13 17:03:03'),
(25, 77, '2024-04-13 17:03:04'),
(25, 79, '2024-04-13 17:03:06'),
(25, 81, '2024-04-13 17:03:07'),
(25, 84, '2024-04-13 17:03:05'),
(25, 85, '2024-04-13 17:03:00'),
(25, 86, '2024-04-13 17:03:01'),
(25, 88, '2024-04-13 17:03:07'),
(25, 92, '2024-04-13 17:03:00'),
(25, 100, '2024-04-13 17:03:06'),
(26, 1, '2024-04-13 17:03:05'),
(26, 2, '2024-04-13 17:03:08'),
(26, 6, '2024-04-13 17:03:05'),
(26, 7, '2024-04-13 17:03:07'),
(26, 10, '2024-04-13 17:03:02'),
(26, 12, '2024-04-13 17:03:04'),
(26, 14, '2024-04-13 17:03:06'),
(26, 15, '2024-04-13 17:02:59'),
(26, 16, '2024-04-13 17:03:06'),
(26, 19, '2024-04-13 17:03:07'),
(26, 23, '2024-04-13 17:03:06'),
(26, 29, '2024-04-13 17:03:03'),
(26, 40, '2024-04-13 17:03:07'),
(26, 44, '2024-04-13 17:03:01'),
(26, 47, '2024-04-13 17:03:00'),
(26, 48, '2024-04-13 17:03:01'),
(26, 49, '2024-04-13 17:03:06'),
(26, 54, '2024-04-13 17:03:01'),
(26, 60, '2024-04-13 17:03:05'),
(26, 62, '2024-04-13 17:03:00'),
(26, 63, '2024-04-13 17:03:05'),
(26, 66, '2024-04-13 17:03:08'),
(26, 67, '2024-04-13 17:03:01'),
(26, 68, '2024-04-13 17:03:00'),
(26, 69, '2024-04-13 17:03:06'),
(26, 74, '2024-04-13 17:03:08'),
(26, 77, '2024-04-13 17:03:01'),
(26, 79, '2024-04-13 17:03:06'),
(26, 82, '2024-04-13 17:03:03'),
(26, 85, '2024-04-13 17:03:08'),
(26, 90, '2024-04-13 17:03:01'),
(26, 95, '2024-04-13 17:02:59'),
(26, 97, '2024-04-13 17:03:04'),
(26, 100, '2024-04-13 17:03:03'),
(27, 1, '2024-04-13 17:03:07'),
(27, 3, '2024-04-13 17:03:02'),
(27, 8, '2024-04-13 17:03:03'),
(27, 12, '2024-04-13 17:03:02'),
(27, 17, '2024-04-13 17:03:02'),
(27, 21, '2024-04-13 17:03:02'),
(27, 22, '2024-04-13 17:03:07'),
(27, 23, '2024-04-13 17:03:02'),
(27, 31, '2024-04-13 17:03:04'),
(27, 33, '2024-04-13 17:03:03'),
(27, 34, '2024-04-13 17:03:01'),
(27, 35, '2024-04-13 17:03:01'),
(27, 42, '2024-04-13 17:03:05'),
(27, 48, '2024-04-13 17:03:02'),
(27, 49, '2024-04-13 17:03:05'),
(27, 54, '2024-04-13 17:03:08'),
(27, 65, '2024-04-13 17:03:00'),
(27, 66, '2024-04-13 17:03:04'),
(27, 68, '2024-04-13 17:03:01'),
(27, 75, '2024-04-13 17:03:00'),
(27, 81, '2024-04-13 17:03:00'),
(27, 82, '2024-04-13 17:03:04'),
(27, 83, '2024-04-13 17:03:07'),
(27, 88, '2024-04-13 17:03:02'),
(27, 90, '2024-04-13 17:03:06'),
(27, 91, '2024-04-13 17:03:00'),
(27, 93, '2024-04-13 17:03:08'),
(27, 95, '2024-04-13 17:03:08'),
(28, 7, '2024-04-13 17:03:07'),
(28, 8, '2024-04-13 17:03:02'),
(28, 9, '2024-04-13 17:03:04'),
(28, 10, '2024-04-13 17:03:01'),
(28, 14, '2024-04-13 17:03:06'),
(28, 16, '2024-04-13 17:03:01'),
(28, 18, '2024-04-13 17:03:06'),
(28, 24, '2024-04-13 17:03:04'),
(28, 27, '2024-04-13 17:02:59'),
(28, 29, '2024-04-13 17:03:07'),
(28, 37, '2024-04-13 17:03:05'),
(28, 39, '2024-04-13 17:03:07'),
(28, 40, '2024-04-13 17:03:07'),
(28, 41, '2024-04-13 17:03:06'),
(28, 48, '2024-04-13 17:03:00'),
(28, 49, '2024-04-13 17:03:08'),
(28, 52, '2024-04-13 17:03:05'),
(28, 55, '2024-04-13 17:03:05'),
(28, 59, '2024-04-13 17:03:03'),
(28, 64, '2024-04-13 17:03:04'),
(28, 66, '2024-04-13 17:03:07'),
(28, 68, '2024-04-13 17:03:00'),
(28, 69, '2024-04-13 17:03:00'),
(28, 70, '2024-04-13 17:03:05'),
(28, 77, '2024-04-13 17:03:07'),
(28, 78, '2024-04-13 17:03:03'),
(28, 80, '2024-04-13 17:03:03'),
(28, 81, '2024-04-13 17:03:07'),
(28, 82, '2024-04-13 17:03:08'),
(28, 91, '2024-04-13 17:03:01'),
(28, 92, '2024-04-13 17:03:05'),
(29, 1, '2024-04-13 17:03:07'),
(29, 5, '2024-04-13 17:03:07'),
(29, 13, '2024-04-13 17:03:02'),
(29, 14, '2024-04-13 17:03:07'),
(29, 21, '2024-04-13 17:03:06'),
(29, 25, '2024-04-13 17:03:07'),
(29, 31, '2024-04-13 17:03:03'),
(29, 32, '2024-04-13 17:03:05'),
(29, 33, '2024-04-13 17:03:04'),
(29, 37, '2024-04-13 17:03:00'),
(29, 38, '2024-04-13 17:03:00'),
(29, 45, '2024-04-13 17:03:07'),
(29, 56, '2024-04-13 17:03:04'),
(29, 62, '2024-04-13 17:03:06'),
(29, 70, '2024-04-13 17:03:07'),
(29, 74, '2024-04-13 17:03:07'),
(29, 75, '2024-04-13 17:03:08'),
(29, 77, '2024-04-13 17:03:06'),
(29, 86, '2024-04-13 17:03:05'),
(29, 88, '2024-04-13 17:03:07'),
(29, 98, '2024-04-13 17:03:07'),
(30, 6, '2024-04-13 17:03:00'),
(30, 7, '2024-04-13 17:03:03'),
(30, 10, '2024-04-13 17:03:01'),
(30, 15, '2024-04-13 17:03:04'),
(30, 16, '2024-04-13 17:03:05'),
(30, 17, '2024-04-13 17:03:08'),
(30, 23, '2024-04-13 17:03:02'),
(30, 27, '2024-04-13 17:03:02'),
(30, 28, '2024-04-13 17:03:08'),
(30, 31, '2024-04-13 17:03:06'),
(30, 36, '2024-04-13 17:03:01'),
(30, 42, '2024-04-13 17:03:07'),
(30, 44, '2024-04-13 17:03:05'),
(30, 50, '2024-04-13 17:03:05'),
(30, 58, '2024-04-13 17:03:01'),
(30, 60, '2024-04-13 17:03:03'),
(30, 61, '2024-04-13 17:03:04'),
(30, 62, '2024-04-13 17:03:09'),
(30, 63, '2024-04-13 17:03:00'),
(30, 64, '2024-04-13 17:03:01'),
(30, 68, '2024-04-13 17:03:03'),
(30, 70, '2024-04-13 17:03:02'),
(30, 73, '2024-04-13 17:03:01'),
(30, 74, '2024-04-13 17:03:07'),
(30, 76, '2024-04-13 17:03:07'),
(30, 77, '2024-04-13 17:03:08'),
(30, 80, '2024-04-13 17:03:02'),
(30, 84, '2024-04-13 17:03:01'),
(30, 88, '2024-04-13 17:03:01'),
(30, 92, '2024-04-13 17:03:05'),
(30, 93, '2024-04-13 17:03:00'),
(30, 95, '2024-04-13 17:03:02'),
(30, 99, '2024-04-13 17:03:02'),
(31, 1, '2024-04-13 17:03:06'),
(31, 2, '2024-04-13 17:03:02'),
(31, 6, '2024-04-13 17:03:03'),
(31, 10, '2024-04-13 17:03:08'),
(31, 11, '2024-04-13 17:03:01'),
(31, 13, '2024-04-13 17:03:05'),
(31, 14, '2024-04-13 17:03:04'),
(31, 28, '2024-04-13 17:03:02'),
(31, 33, '2024-04-13 17:03:04'),
(31, 37, '2024-04-13 17:03:03'),
(31, 38, '2024-04-13 17:03:03'),
(31, 40, '2024-04-13 17:03:03'),
(31, 42, '2024-04-13 17:03:05'),
(31, 48, '2024-04-13 17:03:04'),
(31, 49, '2024-04-13 17:03:00'),
(31, 50, '2024-04-13 17:03:04'),
(31, 52, '2024-04-13 17:03:05'),
(31, 54, '2024-04-13 17:03:08'),
(31, 55, '2024-04-13 17:03:02'),
(31, 59, '2024-04-13 17:03:01'),
(31, 60, '2024-04-13 17:03:03'),
(31, 62, '2024-04-13 17:03:00'),
(31, 63, '2024-04-13 17:03:05'),
(31, 64, '2024-04-13 17:03:00'),
(31, 65, '2024-04-13 17:03:01'),
(31, 66, '2024-04-13 17:03:07'),
(31, 69, '2024-04-13 17:03:05'),
(31, 76, '2024-04-13 17:03:08'),
(31, 77, '2024-04-13 17:03:06'),
(31, 81, '2024-04-13 17:03:00'),
(31, 82, '2024-04-13 17:03:01'),
(31, 85, '2024-04-13 17:03:07'),
(31, 89, '2024-04-13 17:03:07'),
(31, 90, '2024-04-13 17:03:03'),
(31, 96, '2024-04-13 17:03:00'),
(31, 97, '2024-04-13 17:03:07'),
(32, 2, '2024-04-13 17:03:01'),
(32, 12, '2024-04-13 17:03:04'),
(32, 13, '2024-04-13 17:03:01'),
(32, 15, '2024-04-13 17:03:05'),
(32, 16, '2024-04-13 17:03:08'),
(32, 21, '2024-04-13 17:03:00'),
(32, 25, '2024-04-13 17:03:06'),
(32, 27, '2024-04-13 17:03:07'),
(32, 33, '2024-04-13 17:03:06'),
(32, 35, '2024-04-13 17:03:08'),
(32, 36, '2024-04-13 17:03:01'),
(32, 37, '2024-04-13 17:03:04'),
(32, 38, '2024-04-13 17:03:00'),
(32, 40, '2024-04-13 17:03:01'),
(32, 41, '2024-04-13 17:03:07'),
(32, 42, '2024-04-13 17:03:05'),
(32, 45, '2024-04-13 17:03:05'),
(32, 46, '2024-04-13 17:03:06'),
(32, 47, '2024-04-13 17:03:05'),
(32, 48, '2024-04-13 17:03:04'),
(32, 54, '2024-04-13 17:03:05'),
(32, 56, '2024-04-13 17:03:08'),
(32, 58, '2024-04-13 17:03:03'),
(32, 59, '2024-04-13 17:03:02'),
(32, 62, '2024-04-13 17:03:03'),
(32, 66, '2024-04-13 17:03:00'),
(32, 68, '2024-04-13 17:02:59'),
(32, 69, '2024-04-13 17:03:01'),
(32, 70, '2024-04-13 17:03:06'),
(32, 71, '2024-04-13 17:03:05'),
(32, 76, '2024-04-13 17:03:07'),
(32, 77, '2024-04-13 17:03:07'),
(32, 82, '2024-04-13 17:03:00'),
(32, 85, '2024-04-13 17:03:03'),
(32, 90, '2024-04-13 17:03:01'),
(32, 91, '2024-04-13 17:03:01'),
(32, 92, '2024-04-13 17:03:07'),
(32, 94, '2024-04-13 17:03:06'),
(32, 95, '2024-04-13 17:03:00'),
(32, 100, '2024-04-13 17:03:08'),
(33, 3, '2024-04-13 17:03:05'),
(33, 5, '2024-04-13 17:03:02'),
(33, 6, '2024-04-13 17:03:05'),
(33, 9, '2024-04-13 17:03:01'),
(33, 10, '2024-04-13 17:03:02'),
(33, 12, '2024-04-13 17:03:03'),
(33, 13, '2024-04-13 17:02:59'),
(33, 14, '2024-04-13 17:03:07'),
(33, 15, '2024-04-13 17:03:06'),
(33, 18, '2024-04-13 17:03:01'),
(33, 20, '2024-04-13 17:03:07'),
(33, 24, '2024-04-13 17:03:08'),
(33, 27, '2024-04-13 17:03:02'),
(33, 30, '2024-04-13 17:03:03'),
(33, 32, '2024-04-13 17:03:01'),
(33, 33, '2024-04-13 17:03:01'),
(33, 34, '2024-04-13 17:03:03'),
(33, 36, '2024-04-13 17:03:03'),
(33, 38, '2024-04-13 17:03:03'),
(33, 40, '2024-04-13 17:03:00'),
(33, 47, '2024-04-13 17:03:00'),
(33, 48, '2024-04-13 17:03:07'),
(33, 50, '2024-04-13 17:03:00'),
(33, 59, '2024-04-13 17:03:00'),
(33, 61, '2024-04-13 17:03:05'),
(33, 63, '2024-04-13 17:03:07'),
(33, 64, '2024-04-13 17:03:03'),
(33, 66, '2024-04-13 17:03:01'),
(33, 69, '2024-04-13 17:03:04'),
(33, 70, '2024-04-13 17:03:01'),
(33, 76, '2024-04-13 17:03:08'),
(33, 83, '2024-04-13 17:03:02'),
(33, 87, '2024-04-13 17:03:08'),
(33, 90, '2024-04-13 17:03:02'),
(33, 92, '2024-04-13 17:03:07'),
(33, 93, '2024-04-13 17:03:08'),
(33, 95, '2024-04-13 17:02:59'),
(33, 96, '2024-04-13 17:03:06'),
(34, 2, '2024-04-13 17:03:05'),
(34, 7, '2024-04-13 17:03:06'),
(34, 11, '2024-04-13 17:03:04'),
(34, 16, '2024-04-13 17:03:04'),
(34, 19, '2024-04-13 17:03:05'),
(34, 20, '2024-04-13 17:03:03'),
(34, 23, '2024-04-13 17:03:07'),
(34, 25, '2024-04-13 17:03:05'),
(34, 29, '2024-04-13 17:03:02'),
(34, 30, '2024-04-13 17:03:00'),
(34, 34, '2024-04-13 17:03:08'),
(34, 36, '2024-04-13 17:03:05'),
(34, 40, '2024-04-13 17:03:08'),
(34, 43, '2024-04-13 17:03:07'),
(34, 44, '2024-04-13 17:03:00'),
(34, 46, '2024-04-13 17:03:08'),
(34, 49, '2024-04-13 17:03:08'),
(34, 50, '2024-04-13 17:03:07'),
(34, 53, '2024-04-13 17:03:00'),
(34, 54, '2024-04-13 17:03:06'),
(34, 55, '2024-04-13 17:03:05'),
(34, 58, '2024-04-13 17:03:09'),
(34, 63, '2024-04-13 17:03:07'),
(34, 64, '2024-04-13 17:03:01'),
(34, 66, '2024-04-13 17:03:02'),
(34, 68, '2024-04-13 17:03:05'),
(34, 70, '2024-04-13 17:03:01'),
(34, 71, '2024-04-13 17:03:01'),
(34, 74, '2024-04-13 17:03:02'),
(34, 79, '2024-04-13 17:03:07'),
(34, 82, '2024-04-13 17:03:04'),
(34, 86, '2024-04-13 17:03:05'),
(34, 89, '2024-04-13 17:03:08'),
(34, 91, '2024-04-13 17:02:59'),
(34, 92, '2024-04-13 17:03:00'),
(34, 96, '2024-04-13 17:03:03'),
(34, 99, '2024-04-13 17:03:08'),
(35, 2, '2024-04-13 17:03:05'),
(35, 3, '2024-04-13 17:03:00'),
(35, 4, '2024-04-13 17:03:07'),
(35, 5, '2024-04-13 17:02:59'),
(35, 6, '2024-04-13 17:03:06'),
(35, 8, '2024-04-13 17:03:06'),
(35, 9, '2024-04-13 17:03:06'),
(35, 14, '2024-04-13 17:03:03'),
(35, 18, '2024-04-13 17:03:01'),
(35, 21, '2024-04-13 17:03:07'),
(35, 24, '2024-04-13 17:03:03'),
(35, 25, '2024-04-13 17:03:01'),
(35, 28, '2024-04-13 17:02:59'),
(35, 29, '2024-04-13 17:03:00'),
(35, 30, '2024-04-13 17:03:05'),
(35, 37, '2024-04-13 17:03:03'),
(35, 39, '2024-04-13 17:03:01'),
(35, 41, '2024-04-13 17:03:06'),
(35, 48, '2024-04-13 17:02:59'),
(35, 50, '2024-04-13 17:03:04'),
(35, 51, '2024-04-13 17:03:00'),
(35, 52, '2024-04-13 17:03:07'),
(35, 54, '2024-04-13 17:03:08'),
(35, 55, '2024-04-13 17:03:04'),
(35, 59, '2024-04-13 17:03:05'),
(35, 61, '2024-04-13 17:03:06'),
(35, 64, '2024-04-13 17:03:06'),
(35, 67, '2024-04-13 17:03:07'),
(35, 69, '2024-04-13 17:03:04'),
(35, 70, '2024-04-13 17:03:01'),
(35, 75, '2024-04-13 17:03:02'),
(35, 76, '2024-04-13 17:03:03'),
(35, 80, '2024-04-13 17:03:07'),
(35, 82, '2024-04-13 17:03:02'),
(35, 88, '2024-04-13 17:03:07'),
(35, 89, '2024-04-13 17:03:01'),
(35, 92, '2024-04-13 17:03:00'),
(35, 96, '2024-04-13 17:03:01'),
(35, 99, '2024-04-13 17:03:05'),
(36, 2, '2024-04-13 17:03:07'),
(36, 6, '2024-04-13 17:03:01'),
(36, 9, '2024-04-13 17:03:06'),
(36, 10, '2024-04-13 17:03:02'),
(36, 11, '2024-04-13 17:03:02'),
(36, 13, '2024-04-13 17:03:06'),
(36, 16, '2024-04-13 17:03:05'),
(36, 17, '2024-04-13 17:03:09'),
(36, 21, '2024-04-13 17:03:04'),
(36, 23, '2024-04-13 17:03:05'),
(36, 24, '2024-04-13 17:03:00'),
(36, 26, '2024-04-13 17:03:01'),
(36, 29, '2024-04-13 17:03:00'),
(36, 34, '2024-04-13 17:03:01'),
(36, 37, '2024-04-13 17:03:01'),
(36, 43, '2024-04-13 17:03:07'),
(36, 44, '2024-04-13 17:02:59'),
(36, 49, '2024-04-13 17:03:01'),
(36, 50, '2024-04-13 17:03:00'),
(36, 53, '2024-04-13 17:03:07'),
(36, 64, '2024-04-13 17:03:00'),
(36, 75, '2024-04-13 17:02:59'),
(36, 86, '2024-04-13 17:03:07'),
(36, 88, '2024-04-13 17:03:05'),
(36, 89, '2024-04-13 17:03:05'),
(36, 93, '2024-04-13 17:03:00'),
(36, 98, '2024-04-13 17:03:05'),
(36, 99, '2024-04-13 17:03:01'),
(37, 2, '2024-04-13 17:03:00'),
(37, 3, '2024-04-13 17:02:59'),
(37, 6, '2024-04-13 17:03:04'),
(37, 7, '2024-04-13 17:03:07'),
(37, 9, '2024-04-13 17:03:07'),
(37, 12, '2024-04-13 17:03:05'),
(37, 16, '2024-04-13 17:03:01'),
(37, 17, '2024-04-13 17:03:04'),
(37, 21, '2024-04-13 17:03:01'),
(37, 24, '2024-04-13 17:03:01'),
(37, 26, '2024-04-13 17:03:07'),
(37, 27, '2024-04-13 17:02:59'),
(37, 28, '2024-04-13 17:03:06'),
(37, 30, '2024-04-13 17:03:05'),
(37, 34, '2024-04-13 17:03:07'),
(37, 36, '2024-04-13 17:03:02'),
(37, 42, '2024-04-13 17:03:03'),
(37, 49, '2024-04-13 17:03:03'),
(37, 51, '2024-04-13 17:03:05'),
(37, 52, '2024-04-13 17:03:05'),
(37, 54, '2024-04-13 17:03:08'),
(37, 58, '2024-04-13 17:03:03'),
(37, 59, '2024-04-13 17:03:05'),
(37, 65, '2024-04-13 17:03:08'),
(37, 67, '2024-04-13 17:03:00'),
(37, 71, '2024-04-13 17:03:05'),
(37, 72, '2024-04-13 17:03:04'),
(37, 74, '2024-04-13 17:03:04'),
(37, 75, '2024-04-13 17:03:07'),
(37, 78, '2024-04-13 17:03:00'),
(37, 79, '2024-04-13 17:03:08'),
(37, 83, '2024-04-13 17:03:00'),
(37, 84, '2024-04-13 17:03:02'),
(37, 88, '2024-04-13 17:03:07'),
(37, 89, '2024-04-13 17:03:08'),
(37, 96, '2024-04-13 17:03:07'),
(37, 97, '2024-04-13 17:03:01'),
(38, 1, '2024-04-13 17:02:59'),
(38, 5, '2024-04-13 17:03:00'),
(38, 6, '2024-04-13 17:03:08'),
(38, 10, '2024-04-13 17:03:06'),
(38, 11, '2024-04-13 17:03:04'),
(38, 13, '2024-04-13 17:03:00'),
(38, 22, '2024-04-13 17:03:06'),
(38, 27, '2024-04-13 17:03:07'),
(38, 28, '2024-04-13 17:03:05'),
(38, 29, '2024-04-13 17:03:06'),
(38, 33, '2024-04-13 17:03:00'),
(38, 34, '2024-04-13 17:03:03'),
(38, 35, '2024-04-13 17:03:06'),
(38, 36, '2024-04-13 17:03:05'),
(38, 38, '2024-04-13 17:03:05'),
(38, 39, '2024-04-13 17:03:02'),
(38, 40, '2024-04-13 17:03:06'),
(38, 42, '2024-04-13 17:03:07'),
(38, 45, '2024-04-13 17:03:01'),
(38, 50, '2024-04-13 17:03:07'),
(38, 54, '2024-04-13 17:03:06'),
(38, 56, '2024-04-13 17:03:06'),
(38, 59, '2024-04-13 17:03:04'),
(38, 61, '2024-04-13 17:03:00'),
(38, 62, '2024-04-13 17:03:04'),
(38, 63, '2024-04-13 17:02:59'),
(38, 64, '2024-04-13 17:03:07'),
(38, 66, '2024-04-13 17:03:07'),
(38, 67, '2024-04-13 17:03:02'),
(38, 69, '2024-04-13 17:03:02'),
(38, 72, '2024-04-13 17:03:01'),
(38, 75, '2024-04-13 17:03:07'),
(38, 77, '2024-04-13 17:03:04'),
(38, 85, '2024-04-13 17:03:01'),
(38, 86, '2024-04-13 17:03:00'),
(38, 91, '2024-04-13 17:03:00'),
(38, 94, '2024-04-13 17:03:06'),
(38, 97, '2024-04-13 17:03:00'),
(38, 98, '2024-04-13 17:03:07'),
(39, 1, '2024-04-13 17:03:00'),
(39, 9, '2024-04-13 17:03:08'),
(39, 11, '2024-04-13 17:03:00'),
(39, 13, '2024-04-13 17:03:02'),
(39, 18, '2024-04-13 17:03:01'),
(39, 21, '2024-04-13 17:03:07'),
(39, 22, '2024-04-13 17:03:01'),
(39, 24, '2024-04-13 17:03:01'),
(39, 27, '2024-04-13 17:03:00'),
(39, 30, '2024-04-13 17:03:03'),
(39, 31, '2024-04-13 17:03:00'),
(39, 33, '2024-04-13 17:03:03'),
(39, 37, '2024-04-13 17:03:00'),
(39, 39, '2024-04-13 17:03:06'),
(39, 40, '2024-04-13 17:03:05'),
(39, 42, '2024-04-13 17:03:01'),
(39, 47, '2024-04-13 17:03:01'),
(39, 50, '2024-04-13 17:03:00'),
(39, 52, '2024-04-13 17:02:59'),
(39, 60, '2024-04-13 17:03:06'),
(39, 61, '2024-04-13 17:03:03'),
(39, 62, '2024-04-13 17:03:07'),
(39, 63, '2024-04-13 17:03:07'),
(39, 64, '2024-04-13 17:03:03'),
(39, 68, '2024-04-13 17:03:09'),
(39, 69, '2024-04-13 17:03:03'),
(39, 74, '2024-04-13 17:03:06'),
(39, 76, '2024-04-13 17:03:08'),
(39, 78, '2024-04-13 17:03:06'),
(39, 79, '2024-04-13 17:03:03'),
(39, 81, '2024-04-13 17:03:02'),
(39, 82, '2024-04-13 17:03:03'),
(39, 88, '2024-04-13 17:03:00'),
(39, 91, '2024-04-13 17:03:01'),
(39, 92, '2024-04-13 17:03:04'),
(39, 99, '2024-04-13 17:03:01'),
(40, 4, '2024-04-13 17:03:00'),
(40, 5, '2024-04-13 17:03:05'),
(40, 6, '2024-04-13 17:03:02'),
(40, 15, '2024-04-13 17:03:05'),
(40, 18, '2024-04-13 17:03:04'),
(40, 22, '2024-04-13 17:03:05'),
(40, 23, '2024-04-13 17:03:01'),
(40, 24, '2024-04-13 17:03:07'),
(40, 25, '2024-04-13 17:03:07'),
(40, 30, '2024-04-13 17:03:01'),
(40, 33, '2024-04-13 17:02:59'),
(40, 34, '2024-04-13 17:03:04'),
(40, 39, '2024-04-13 17:03:00'),
(40, 40, '2024-04-13 17:03:06'),
(40, 42, '2024-04-13 17:03:08'),
(40, 43, '2024-04-13 17:03:08'),
(40, 47, '2024-04-13 17:03:00'),
(40, 48, '2024-04-13 17:03:01'),
(40, 49, '2024-04-13 17:03:09'),
(40, 53, '2024-04-13 17:03:00'),
(40, 55, '2024-04-13 17:03:01'),
(40, 58, '2024-04-13 17:03:01'),
(40, 59, '2024-04-13 17:03:02'),
(40, 62, '2024-04-13 17:03:07'),
(40, 63, '2024-04-13 17:03:01'),
(40, 66, '2024-04-13 17:03:05'),
(40, 69, '2024-04-13 17:03:03'),
(40, 74, '2024-04-13 17:03:03'),
(40, 75, '2024-04-13 17:03:06'),
(40, 80, '2024-04-13 17:03:00'),
(40, 81, '2024-04-13 17:03:07'),
(40, 82, '2024-04-13 17:03:08'),
(40, 83, '2024-04-13 17:03:06'),
(40, 90, '2024-04-13 17:03:03'),
(40, 92, '2024-04-13 17:03:04'),
(40, 95, '2024-04-13 17:03:04'),
(40, 100, '2024-04-13 17:03:05'),
(41, 1, '2024-04-13 17:03:08'),
(41, 4, '2024-04-13 17:03:01'),
(41, 8, '2024-04-13 17:03:05'),
(41, 10, '2024-04-13 17:03:00'),
(41, 11, '2024-04-13 17:03:00'),
(41, 15, '2024-04-13 17:03:00'),
(41, 19, '2024-04-13 17:03:08'),
(41, 20, '2024-04-13 17:03:02'),
(41, 28, '2024-04-13 17:03:04'),
(41, 38, '2024-04-13 17:03:04'),
(41, 42, '2024-04-13 17:03:00'),
(41, 46, '2024-04-13 17:03:06'),
(41, 47, '2024-04-13 17:03:00'),
(41, 50, '2024-04-13 17:03:02'),
(41, 52, '2024-04-13 17:03:04'),
(41, 57, '2024-04-13 17:03:00'),
(41, 58, '2024-04-13 17:03:00'),
(41, 62, '2024-04-13 17:02:59'),
(41, 63, '2024-04-13 17:03:03'),
(41, 64, '2024-04-13 17:03:03'),
(41, 69, '2024-04-13 17:03:01'),
(41, 75, '2024-04-13 17:03:06'),
(41, 77, '2024-04-13 17:03:05'),
(41, 80, '2024-04-13 17:03:03'),
(41, 82, '2024-04-13 17:03:03'),
(41, 86, '2024-04-13 17:02:59'),
(41, 87, '2024-04-13 17:03:08'),
(41, 91, '2024-04-13 17:03:07'),
(41, 94, '2024-04-13 17:03:01'),
(41, 99, '2024-04-13 17:03:05'),
(42, 2, '2024-04-13 17:03:08'),
(42, 5, '2024-04-13 17:03:08'),
(42, 8, '2024-04-13 17:03:05'),
(42, 9, '2024-04-13 17:02:59'),
(42, 15, '2024-04-13 17:03:05'),
(42, 18, '2024-04-13 17:03:01'),
(42, 20, '2024-04-13 17:03:01'),
(42, 22, '2024-04-13 17:02:59'),
(42, 24, '2024-04-13 17:03:04'),
(42, 28, '2024-04-13 17:03:01'),
(42, 31, '2024-04-13 17:03:07'),
(42, 35, '2024-04-13 17:03:05'),
(42, 36, '2024-04-13 17:03:08'),
(42, 37, '2024-04-13 17:03:06'),
(42, 43, '2024-04-13 17:03:00'),
(42, 57, '2024-04-13 17:03:07'),
(42, 66, '2024-04-13 17:03:05'),
(42, 69, '2024-04-13 17:03:02'),
(42, 70, '2024-04-13 17:03:05'),
(42, 71, '2024-04-13 17:03:04'),
(42, 72, '2024-04-13 17:03:07'),
(42, 73, '2024-04-13 17:03:07'),
(42, 76, '2024-04-13 17:03:07'),
(42, 84, '2024-04-13 17:03:05'),
(42, 89, '2024-04-13 17:02:59'),
(42, 91, '2024-04-13 17:03:09'),
(42, 92, '2024-04-13 17:03:05'),
(42, 95, '2024-04-13 17:03:06'),
(42, 97, '2024-04-13 17:03:06'),
(42, 98, '2024-04-13 17:03:05'),
(43, 1, '2024-04-13 17:03:05'),
(43, 2, '2024-04-13 17:03:01'),
(43, 6, '2024-04-13 17:03:01'),
(43, 12, '2024-04-13 17:03:00'),
(43, 14, '2024-04-13 17:03:07'),
(43, 15, '2024-04-13 17:03:00'),
(43, 19, '2024-04-13 17:03:03'),
(43, 20, '2024-04-13 17:03:04'),
(43, 21, '2024-04-13 17:03:00'),
(43, 23, '2024-04-13 17:03:00'),
(43, 30, '2024-04-13 17:03:02'),
(43, 42, '2024-04-13 17:03:02'),
(43, 48, '2024-04-13 17:03:01'),
(43, 49, '2024-04-13 17:03:00'),
(43, 50, '2024-04-13 17:03:00'),
(43, 56, '2024-04-13 17:03:08'),
(43, 61, '2024-04-13 17:03:07'),
(43, 64, '2024-04-13 17:03:08'),
(43, 71, '2024-04-13 17:03:07'),
(43, 73, '2024-04-13 17:03:02'),
(43, 83, '2024-04-13 17:03:01'),
(43, 85, '2024-04-13 17:03:07'),
(43, 90, '2024-04-13 17:03:08'),
(43, 92, '2024-04-13 17:03:06'),
(43, 94, '2024-04-13 17:03:00'),
(43, 100, '2024-04-13 17:03:07'),
(44, 4, '2024-04-13 17:03:06'),
(44, 6, '2024-04-13 17:03:07'),
(44, 15, '2024-04-13 17:03:06'),
(44, 16, '2024-04-13 17:03:03'),
(44, 17, '2024-04-13 17:03:01'),
(44, 20, '2024-04-13 17:03:07'),
(44, 22, '2024-04-13 17:03:05'),
(44, 24, '2024-04-13 17:03:07'),
(44, 25, '2024-04-13 17:03:06'),
(44, 26, '2024-04-13 17:03:03'),
(44, 37, '2024-04-13 17:02:59'),
(44, 42, '2024-04-13 17:03:05'),
(44, 44, '2024-04-13 17:03:05'),
(44, 45, '2024-04-13 17:03:07'),
(44, 47, '2024-04-13 17:03:00'),
(44, 49, '2024-04-13 17:03:00'),
(44, 56, '2024-04-13 17:03:01'),
(44, 58, '2024-04-13 17:02:59'),
(44, 59, '2024-04-13 17:03:07'),
(44, 60, '2024-04-13 17:03:03'),
(44, 63, '2024-04-13 17:03:01'),
(44, 64, '2024-04-13 17:03:03'),
(44, 67, '2024-04-13 17:03:08'),
(44, 68, '2024-04-13 17:03:01'),
(44, 69, '2024-04-13 17:03:03'),
(44, 70, '2024-04-13 17:03:01'),
(44, 72, '2024-04-13 17:03:02'),
(44, 73, '2024-04-13 17:03:07'),
(44, 78, '2024-04-13 17:03:02'),
(44, 81, '2024-04-13 17:03:01'),
(44, 83, '2024-04-13 17:03:04'),
(44, 85, '2024-04-13 17:03:01'),
(44, 86, '2024-04-13 17:03:06'),
(44, 89, '2024-04-13 17:03:08'),
(44, 91, '2024-04-13 17:03:00'),
(44, 92, '2024-04-13 17:03:06'),
(44, 94, '2024-04-13 17:03:07'),
(44, 99, '2024-04-13 17:03:00'),
(45, 9, '2024-04-13 17:03:03'),
(45, 13, '2024-04-13 17:03:02'),
(45, 16, '2024-04-13 17:03:04'),
(45, 17, '2024-04-13 17:03:03'),
(45, 20, '2024-04-13 17:03:06'),
(45, 21, '2024-04-13 17:03:01'),
(45, 26, '2024-04-13 17:03:00'),
(45, 31, '2024-04-13 17:03:08'),
(45, 32, '2024-04-13 17:03:06'),
(45, 33, '2024-04-13 17:03:01'),
(45, 36, '2024-04-13 17:03:04'),
(45, 38, '2024-04-13 17:03:02'),
(45, 42, '2024-04-13 17:03:07'),
(45, 44, '2024-04-13 17:03:01'),
(45, 46, '2024-04-13 17:03:06'),
(45, 59, '2024-04-13 17:03:04'),
(45, 60, '2024-04-13 17:03:05'),
(45, 74, '2024-04-13 17:03:03'),
(45, 76, '2024-04-13 17:03:08'),
(45, 78, '2024-04-13 17:03:08'),
(45, 81, '2024-04-13 17:03:01'),
(45, 83, '2024-04-13 17:03:08'),
(45, 85, '2024-04-13 17:03:01'),
(45, 88, '2024-04-13 17:03:07'),
(45, 92, '2024-04-13 17:03:00'),
(45, 93, '2024-04-13 17:03:02'),
(45, 94, '2024-04-13 17:03:08'),
(45, 100, '2024-04-13 17:03:01'),
(46, 1, '2024-04-13 17:03:03'),
(46, 7, '2024-04-13 17:03:05'),
(46, 11, '2024-04-13 17:03:01'),
(46, 12, '2024-04-13 17:03:01'),
(46, 17, '2024-04-13 17:03:00'),
(46, 23, '2024-04-13 17:03:01'),
(46, 26, '2024-04-13 17:03:00'),
(46, 27, '2024-04-13 17:03:00'),
(46, 28, '2024-04-13 17:03:00'),
(46, 30, '2024-04-13 17:03:01'),
(46, 38, '2024-04-13 17:03:06'),
(46, 40, '2024-04-13 17:03:05'),
(46, 42, '2024-04-13 17:03:05'),
(46, 43, '2024-04-13 17:03:05'),
(46, 47, '2024-04-13 17:03:01'),
(46, 49, '2024-04-13 17:03:00'),
(46, 53, '2024-04-13 17:03:08'),
(46, 63, '2024-04-13 17:03:03'),
(46, 65, '2024-04-13 17:03:09'),
(46, 66, '2024-04-13 17:03:07'),
(46, 68, '2024-04-13 17:03:03'),
(46, 71, '2024-04-13 17:03:05'),
(46, 76, '2024-04-13 17:03:05'),
(46, 81, '2024-04-13 17:03:05'),
(46, 90, '2024-04-13 17:03:00'),
(46, 98, '2024-04-13 17:03:03'),
(47, 3, '2024-04-13 17:02:59'),
(47, 4, '2024-04-13 17:03:03'),
(47, 7, '2024-04-13 17:03:04'),
(47, 8, '2024-04-13 17:03:01'),
(47, 12, '2024-04-13 17:03:04'),
(47, 16, '2024-04-13 17:03:05'),
(47, 17, '2024-04-13 17:03:03'),
(47, 18, '2024-04-13 17:03:04'),
(47, 20, '2024-04-13 17:02:59'),
(47, 24, '2024-04-13 17:03:00'),
(47, 26, '2024-04-13 17:03:00'),
(47, 27, '2024-04-13 17:03:08'),
(47, 28, '2024-04-13 17:03:04'),
(47, 32, '2024-04-13 17:03:03'),
(47, 33, '2024-04-13 17:03:07'),
(47, 38, '2024-04-13 17:03:02'),
(47, 39, '2024-04-13 17:03:05'),
(47, 40, '2024-04-13 17:03:05'),
(47, 41, '2024-04-13 17:03:00'),
(47, 47, '2024-04-13 17:03:01'),
(47, 48, '2024-04-13 17:03:07'),
(47, 49, '2024-04-13 17:03:07'),
(47, 50, '2024-04-13 17:03:02'),
(47, 56, '2024-04-13 17:03:05'),
(47, 58, '2024-04-13 17:03:05'),
(47, 59, '2024-04-13 17:03:05'),
(47, 60, '2024-04-13 17:03:00'),
(47, 63, '2024-04-13 17:03:01'),
(47, 64, '2024-04-13 17:03:05'),
(47, 67, '2024-04-13 17:03:01'),
(47, 68, '2024-04-13 17:03:04'),
(47, 73, '2024-04-13 17:03:05'),
(47, 74, '2024-04-13 17:03:06'),
(47, 80, '2024-04-13 17:03:01'),
(47, 82, '2024-04-13 17:03:03'),
(47, 84, '2024-04-13 17:03:03'),
(47, 96, '2024-04-13 17:03:06'),
(47, 100, '2024-04-13 17:03:07'),
(48, 2, '2024-04-13 17:03:01'),
(48, 3, '2024-04-13 17:03:05'),
(48, 5, '2024-04-13 17:03:05'),
(48, 9, '2024-04-13 17:03:01'),
(48, 10, '2024-04-13 17:03:07');
INSERT INTO `post_likes` (`user_id`, `post_id`, `created_at`) VALUES
(48, 16, '2024-04-13 17:03:06'),
(48, 18, '2024-04-13 17:03:06'),
(48, 22, '2024-04-13 17:03:00'),
(48, 26, '2024-04-13 17:03:07'),
(48, 30, '2024-04-13 17:03:04'),
(48, 35, '2024-04-13 17:03:03'),
(48, 36, '2024-04-13 17:03:07'),
(48, 37, '2024-04-13 17:03:05'),
(48, 38, '2024-04-13 17:03:07'),
(48, 39, '2024-04-13 17:03:01'),
(48, 52, '2024-04-13 17:03:05'),
(48, 53, '2024-04-13 17:02:59'),
(48, 55, '2024-04-13 17:03:05'),
(48, 56, '2024-04-13 17:03:01'),
(48, 62, '2024-04-13 17:03:04'),
(48, 66, '2024-04-13 17:03:02'),
(48, 72, '2024-04-13 17:03:04'),
(48, 73, '2024-04-13 17:03:06'),
(48, 74, '2024-04-13 17:03:03'),
(48, 75, '2024-04-13 17:03:02'),
(48, 77, '2024-04-13 17:03:05'),
(48, 79, '2024-04-13 17:03:02'),
(48, 84, '2024-04-13 17:03:01'),
(48, 85, '2024-04-13 17:03:00'),
(48, 95, '2024-04-13 17:03:05'),
(48, 96, '2024-04-13 17:03:08'),
(48, 97, '2024-04-13 17:03:08'),
(48, 98, '2024-04-13 17:03:05'),
(49, 2, '2024-04-13 17:03:00'),
(49, 4, '2024-04-13 17:03:02'),
(49, 19, '2024-04-13 17:03:06'),
(49, 20, '2024-04-13 17:03:02'),
(49, 24, '2024-04-13 17:03:02'),
(49, 29, '2024-04-13 17:03:07'),
(49, 32, '2024-04-13 17:03:01'),
(49, 38, '2024-04-13 17:02:59'),
(49, 39, '2024-04-13 17:03:04'),
(49, 45, '2024-04-13 17:03:08'),
(49, 49, '2024-04-13 17:03:01'),
(49, 50, '2024-04-13 17:03:06'),
(49, 55, '2024-04-13 17:03:05'),
(49, 57, '2024-04-13 17:03:06'),
(49, 58, '2024-04-13 17:03:00'),
(49, 61, '2024-04-13 17:03:06'),
(49, 68, '2024-04-13 17:03:08'),
(49, 70, '2024-04-13 17:03:08'),
(49, 77, '2024-04-13 17:03:00'),
(49, 78, '2024-04-13 17:03:01'),
(49, 81, '2024-04-13 17:03:05'),
(49, 82, '2024-04-13 17:03:05'),
(49, 83, '2024-04-13 17:03:09'),
(49, 85, '2024-04-13 17:03:04'),
(49, 87, '2024-04-13 17:02:59'),
(49, 88, '2024-04-13 17:03:06'),
(49, 91, '2024-04-13 17:03:06'),
(49, 92, '2024-04-13 17:03:00'),
(49, 96, '2024-04-13 17:03:01'),
(50, 8, '2024-04-13 17:03:04'),
(50, 12, '2024-04-13 17:03:08'),
(50, 13, '2024-04-13 17:03:06'),
(50, 16, '2024-04-13 17:03:02'),
(50, 26, '2024-04-13 17:03:04'),
(50, 30, '2024-04-13 17:03:04'),
(50, 42, '2024-04-13 17:03:02'),
(50, 48, '2024-04-13 17:03:01'),
(50, 49, '2024-04-13 17:03:08'),
(50, 50, '2024-04-13 17:03:06'),
(50, 57, '2024-04-13 17:03:01'),
(50, 59, '2024-04-13 17:03:08'),
(50, 60, '2024-04-13 17:03:03'),
(50, 63, '2024-04-13 17:03:01'),
(50, 66, '2024-04-13 17:03:00'),
(50, 68, '2024-04-13 17:03:00'),
(50, 69, '2024-04-13 17:03:00'),
(50, 72, '2024-04-13 17:03:00'),
(50, 75, '2024-04-13 17:03:04'),
(50, 76, '2024-04-13 17:03:02'),
(50, 84, '2024-04-13 17:03:06'),
(50, 88, '2024-04-13 17:03:04'),
(50, 89, '2024-04-13 17:03:07'),
(50, 93, '2024-04-13 17:03:07'),
(50, 98, '2024-04-13 17:03:06');

-- --------------------------------------------------------

--
-- Table structure for table `post_tags`
--

CREATE TABLE `post_tags` (
  `post_id` int(11) NOT NULL,
  `hashtag_id` int(11) NOT NULL
) ENGINE=InnoDB DEFAULT CHARSET=utf8mb4 COLLATE=utf8mb4_general_ci;

--
-- Dumping data for table `post_tags`
--

INSERT INTO `post_tags` (`post_id`, `hashtag_id`) VALUES
(1, 8),
(1, 13),
(1, 17),
(1, 23),
(2, 10),
(2, 14),
(2, 22),
(2, 27),
(3, 7),
(3, 10),
(3, 11),
(3, 20),
(4, 1),
(4, 22),
(4, 24),
(4, 25),
(5, 1),
(5, 9),
(5, 17),
(5, 22),
(6, 3),
(6, 4),
(6, 13),
(7, 9),
(7, 14),
(7, 15),
(7, 20),
(8, 11),
(8, 13),
(8, 21),
(8, 25),
(9, 1),
(9, 11),
(9, 12),
(9, 20),
(10, 3),
(10, 5),
(10, 24),
(10, 26),
(11, 2),
(11, 7),
(11, 23),
(11, 25),
(12, 6),
(12, 11),
(12, 16),
(12, 19),
(13, 7),
(13, 8),
(13, 10),
(13, 11),
(14, 2),
(14, 17),
(14, 20),
(15, 7),
(15, 11),
(15, 13),
(15, 28),
(16, 1),
(16, 6),
(16, 20),
(16, 27),
(17, 1),
(17, 5),
(17, 11),
(17, 26),
(18, 4),
(18, 5),
(18, 20),
(18, 24),
(19, 2),
(19, 4),
(19, 13),
(19, 21),
(20, 1),
(20, 7),
(20, 9),
(20, 22),
(21, 5),
(21, 10),
(21, 22),
(22, 5),
(22, 6),
(22, 12),
(22, 21),
(23, 9),
(23, 23),
(23, 25),
(24, 5),
(24, 10),
(24, 21),
(24, 22),
(25, 13),
(25, 14),
(25, 29),
(26, 13),
(26, 17),
(26, 19),
(27, 17),
(27, 22),
(27, 24),
(27, 25),
(28, 8),
(28, 10),
(28, 17),
(28, 19),
(29, 21),
(29, 22),
(29, 25),
(29, 26),
(30, 2),
(30, 20),
(30, 28),
(31, 15),
(31, 19),
(32, 4),
(32, 9),
(32, 29),
(32, 30),
(33, 2),
(33, 15),
(33, 25),
(33, 28),
(34, 3),
(34, 13),
(34, 19),
(34, 20),
(35, 3),
(35, 20),
(35, 21),
(35, 26),
(36, 3),
(36, 4),
(36, 7),
(37, 11),
(37, 17),
(37, 23),
(38, 2),
(38, 17),
(38, 24),
(38, 27),
(39, 4),
(39, 12),
(39, 26),
(40, 17),
(40, 19),
(40, 25),
(40, 28),
(41, 8),
(41, 11),
(41, 15),
(41, 21),
(42, 4),
(42, 11),
(42, 26),
(42, 28),
(43, 13),
(43, 18),
(43, 21),
(44, 5),
(44, 9),
(44, 16),
(44, 17),
(45, 7),
(45, 25),
(45, 28),
(45, 29),
(46, 7),
(46, 20),
(46, 23),
(46, 29),
(47, 6),
(47, 11),
(47, 12),
(47, 17),
(48, 6),
(48, 7),
(48, 8),
(48, 22),
(49, 3),
(49, 8),
(49, 11),
(49, 14),
(50, 3),
(50, 14),
(50, 25),
(50, 30),
(51, 6),
(51, 13),
(51, 18),
(51, 20),
(52, 8),
(52, 18),
(52, 19),
(52, 24),
(53, 7),
(53, 8),
(53, 11),
(53, 25),
(54, 19),
(54, 20),
(54, 22),
(54, 28),
(55, 1),
(55, 13),
(55, 16),
(55, 28),
(56, 10),
(56, 20),
(56, 24),
(56, 28),
(57, 8),
(57, 17),
(57, 19),
(57, 25),
(58, 1),
(58, 4),
(58, 15),
(58, 23),
(59, 9),
(59, 14),
(59, 16),
(59, 27),
(60, 5),
(60, 16),
(60, 23),
(60, 26),
(61, 20),
(61, 22),
(61, 23),
(61, 29),
(62, 3),
(62, 11),
(62, 15),
(62, 29),
(63, 12),
(63, 13),
(63, 21),
(63, 28),
(64, 2),
(64, 7),
(64, 18),
(64, 23),
(65, 2),
(65, 11),
(65, 18),
(65, 19),
(66, 8),
(66, 15),
(66, 17),
(67, 7),
(67, 21),
(67, 24),
(67, 26),
(68, 3),
(68, 4),
(68, 20),
(68, 25),
(69, 4),
(69, 13),
(69, 17),
(69, 24),
(70, 10),
(70, 12),
(70, 29),
(70, 30),
(71, 15),
(71, 17),
(71, 25),
(71, 30),
(72, 20),
(72, 28),
(73, 7),
(73, 23),
(73, 24),
(73, 27),
(74, 1),
(74, 9),
(74, 17),
(74, 26),
(75, 2),
(75, 16),
(75, 20),
(75, 24),
(76, 15),
(76, 22),
(76, 26),
(77, 5),
(77, 8),
(77, 19),
(77, 28),
(78, 7),
(78, 12),
(78, 14),
(78, 16),
(79, 2),
(79, 12),
(79, 18),
(79, 22),
(80, 2),
(80, 4),
(80, 7),
(80, 12),
(81, 2),
(81, 11),
(81, 17),
(81, 28),
(82, 4),
(82, 19),
(82, 27),
(82, 29),
(83, 10),
(83, 13),
(83, 29),
(83, 30),
(84, 13),
(84, 14),
(84, 22),
(84, 29),
(85, 9),
(85, 15),
(85, 20),
(85, 30),
(86, 15),
(86, 16),
(86, 25),
(86, 29),
(87, 5),
(87, 12),
(87, 18),
(88, 14),
(88, 25),
(88, 30),
(89, 1),
(89, 11),
(89, 20),
(90, 1),
(90, 2),
(90, 27),
(90, 30),
(91, 2),
(91, 12),
(91, 13),
(91, 26),
(92, 5),
(92, 13),
(92, 19),
(92, 24),
(93, 7),
(93, 23),
(93, 25),
(93, 29),
(94, 3),
(94, 20),
(94, 23),
(95, 14),
(95, 19),
(95, 20),
(95, 24),
(96, 3),
(96, 5),
(96, 24),
(96, 28),
(97, 6),
(97, 10),
(97, 13),
(98, 12),
(98, 13),
(98, 24),
(98, 29),
(99, 1),
(99, 5),
(99, 11),
(99, 12),
(100, 11),
(100, 25),
(100, 28);

-- --------------------------------------------------------

--
-- Table structure for table `users`
--

CREATE TABLE `users` (
  `user_id` int(11) NOT NULL,
  `username` varchar(255) NOT NULL,
  `profile_photo_url` varchar(255) DEFAULT 'https://picsum.photos/100',
  `bio` varchar(255) DEFAULT NULL,
  `created_at` timestamp NOT NULL DEFAULT current_timestamp(),
  `email` varchar(30) NOT NULL
) ENGINE=InnoDB DEFAULT CHARSET=utf8mb4 COLLATE=utf8mb4_general_ci;

--
-- Dumping data for table `users`
--

INSERT INTO `users` (`user_id`, `username`, `profile_photo_url`, `bio`, `created_at`, `email`) VALUES
(1, 'kanavphull', 'https://pbs.twimg.com/profile_images/1386885117428191232/70SyHOxP_400x400.jpg', 'Hedonist yet Spiritual || IT at NITJ 2024', '2024-04-13 17:02:47', 'as1mobiles@gmail.com'),
(2, 'raj gupta', '/klsadf893724:f//432', 'soon to be updated', '2024-04-13 17:02:47', 'admin@1shopbuy.com'),
(3, 'Sahib Singh', 'https://pbs.twimg.com/profile_images/1465003815820693506/gbTJoe66_400x400.jpg', 'Life is a journey, It drives you MAD.|| IT NITJ\'24', '2024-04-13 17:02:47', '12angeldesignworld@gmail.com'),
(4, 'Sakshi Warandani', 'https://vader.news/__export/1612817390103/sites/gadgets/img/2021/02/08/ian_somerhalder_vampires.jpg_246448593.jpg', 'NITJ wish me on 23 jan', '2024-04-13 17:02:47', 'deepak@24sevenindia.com'),
(5, 'Omnicron Larson', '/sdfvsdf', 'Heart Stealer', '2024-04-13 17:02:47', '101cartinfo@gmail.com'),
(6, 'dettol sharma', '/sdfvsdf', 'Dettol Stealer', '2024-04-13 17:02:47', 'the.yellow.gold@gmail.com'),
(7, 'sunil', '/yisadf324//', 'hotel manageemnt ', '2024-04-13 17:02:47', 'deepak@24sevenindia.com'),
(8, 'sanjay', '/fduiahj43', 'football lover', '2024-04-13 17:02:47', 'deepak@24sevenindia.com'),
(9, 'Axel Sivert Anker', '/adaskjnas', 'Norwegian', '2024-04-13 17:02:47', 'gazender.686@gmail.com'),
(10, 'Steven', '/acdsccsdc', 'living life my way', '2024-04-13 17:02:47', 'sravi07@yahoo.com'),
(11, 'Jack', 'https://picsum.photos/100', '𝐖𝐞𝐥𝐜𝐨𝐦𝐞 𝐓𝐨 𝐌𝐲 𝐏𝐫𝐨𝐟𝐢𝐥𝐞', '2024-04-13 17:02:47', 'contact@21fools.com'),
(12, 'Oliver', 'https://picsum.photos/101', '𝐎𝐟𝐟𝐢𝐜𝐢𝐚𝐥 𝐀𝐜𝐜𝐨𝐮𝐧𝐭', '2024-04-13 17:02:47', 'the.yellow.gold@gmail.com'),
(13, 'James', 'https://picsum.photos/102', '𝐖𝐢𝐬𝐡 𝐌𝐞 𝐎𝐧 𝟑 𝐎𝐜𝐭𝐨𝐛𝐞𝐫', '2024-04-13 17:02:47', 'contact@21fools.com'),
(14, 'Charlie', 'https://picsum.photos/103', 'aap yha aae kisliye', '2024-04-13 17:02:47', 'sravi07@yahoo.com'),
(15, 'Harris', 'https://picsum.photos/104', '𝐒𝐚𝐧𝐬𝐤𝐚𝐫𝐢 𝐋𝐚𝐝𝐤𝐚', '2024-04-13 17:02:47', 'pawan.modi1@gmail.com'),
(16, 'Lewis', 'https://picsum.photos/105', 'aapne bulaya isilye', '2024-04-13 17:02:47', 'as1mobiles@gmail.com'),
(17, 'Leo', 'https://picsum.photos/106', '𝐆𝐲𝐦 𝐋ø𝐯è𝐫', '2024-04-13 17:02:47', 'pawan.modi1@gmail.com'),
(18, 'Noah', 'https://picsum.photos/107', 'aae hai toh kaam bi btiye', '2024-04-13 17:02:47', 'sunglasses.24@gmail.com'),
(19, 'Alfie', 'https://picsum.photos/108', '𝐒𝐢𝐧𝐠𝐥𝐞', '2024-04-13 17:02:47', 'deepak@24sevenindia.com'),
(20, 'Rory', 'https://picsum.photos/109', 'phle zara aap muskurae', '2024-04-13 17:02:47', 'pawan.modi1@gmail.com'),
(21, 'Alexander', 'https://picsum.photos/110', '𝐑𝐞𝐬𝐩𝐞𝐜𝐭 𝐅𝐨𝐫 𝐀𝐥𝐥', '2024-04-13 17:02:47', 'umesh.agarwal@24x7safebuy.com'),
(22, 'Max', 'https://picsum.photos/111', '𝐈𝐧𝐬𝐭𝐚𝐠𝐫𝐚𝐦 𝐊𝐢𝐧𝐠', '2024-04-13 17:02:47', 'as1mobiles@gmail.com'),
(23, 'Logan', 'https://picsum.photos/112', '𝐂𝐚𝐤𝐞 𝐌𝐮𝐫𝐝𝐞𝐫 𝐎𝐧 𝟏𝟕 𝐉𝐮𝐧𝐞', '2024-04-13 17:02:47', '101cartinfo@gmail.com'),
(24, 'Harry', 'https://picsum.photos/113', 'hhddsgb', '2024-04-13 17:02:47', 'shyamsunder121@gmail.com'),
(25, 'Theo', 'https://picsum.photos/114', '♥️𝐏𝐡𝐨𝐭𝐨𝐠𝐫𝐚𝐩𝐡𝐲 ', '2024-04-13 17:02:47', 'info@3coinsplus.com'),
(26, 'Thomas', 'https://picsum.photos/115', 'siudgfibsiugs', '2024-04-13 17:02:47', 'wasif1@2dayenterprises.com'),
(27, 'Brodie', 'https://picsum.photos/116', '𝐌𝐮𝐬𝐢𝐜 𝐀𝐝𝐝𝐢𝐜𝐭', '2024-04-13 17:02:47', 'shyamsunder121@gmail.com'),
(28, 'Archie', 'https://picsum.photos/117', 'uhiusgfufiusf', '2024-04-13 17:02:47', 'wasif1@2dayenterprises.com'),
(29, 'Jacob', 'https://picsum.photos/118', ' 𝐒𝐢𝐧𝐠𝐥𝐞 ', '2024-04-13 17:02:47', 'mail@3gmobileworld.in'),
(30, 'Finlay', 'https://picsum.photos/119', 'usdsgbcu', '2024-04-13 17:02:47', 'mail@3gmobileworld.in'),
(31, 'Finn', 'https://picsum.photos/120', '𝐏𝐫𝐨𝐮𝐝 𝐓𝐨 𝐁𝐞 𝐇𝐢𝐧𝐝𝐮', '2024-04-13 17:02:47', 'pawan.modi1@gmail.com'),
(32, 'Daniel', 'https://picsum.photos/121', 'hucussgcusn', '2024-04-13 17:02:47', 'shyamsunder121@gmail.com'),
(33, 'Joshua', 'https://picsum.photos/122', '𝐁𝐢𝐠 𝐅𝐚𝐧 𝐎𝐟 𝐌𝐚𝐡𝐚𝐤𝐚𝐥', '2024-04-13 17:02:47', 'sunglasses.24@gmail.com'),
(34, 'Oscar', 'https://picsum.photos/123', '𝐌𝐫.𝐩𝐞𝐫𝐟𝐞𝐜𝐭', '2024-04-13 17:02:47', 'gazender.686@gmail.com'),
(35, 'Arthur', 'https://picsum.photos/124', '𝐇𝐚𝐭𝐞 𝐦𝐞 𝐨𝐫 𝐃𝐚𝐭𝐞 𝐦𝐞', '2024-04-13 17:02:47', '.'),
(36, 'Hunter', 'https://picsum.photos/125', '𝐩𝐡𝐨𝐭𝐨𝐡𝐨𝐥𝐢𝐤', '2024-04-13 17:02:47', 'mail@3gmobileworld.in'),
(37, 'Ethan', 'https://picsum.photos/126', 'gygyuuy', '2024-04-13 17:02:47', 'deepak@24sevenindia.com'),
(38, 'Mason', 'https://picsum.photos/127', ' 𝐟𝐨𝐨𝐝𝐲 ', '2024-04-13 17:02:47', 'sunglasses.24@gmail.com'),
(39, 'Harrison', 'https://picsum.photos/128', 'gfytfvy', '2024-04-13 17:02:47', 'contact@21fools.com'),
(40, 'Freddie', 'https://picsum.photos/129', '𝐬𝐢𝐧𝐠𝐥𝐞', '2024-04-13 17:02:47', 'contact@21fools.com'),
(41, 'Ollie', 'https://picsum.photos/130', 'fytfysguf', '2024-04-13 17:02:47', 'mail@3gmobileworld.in'),
(42, 'Adam', 'https://picsum.photos/131', '𝐔 𝐰𝐢𝐥𝐥 𝐟𝐢𝐧𝐝 𝐚 𝐛𝐨𝐲 𝐛𝐞𝐭𝐭𝐞𝐫 𝐭𝐡𝐚𝐧 𝐦𝐞 𝐛𝐮𝐭 𝐔 𝐝𝐨𝐧’𝐭 𝐟𝐢𝐧𝐝 𝐛𝐨𝐲 𝐥𝐢𝐤𝐞 𝐦𝐞', '2024-04-13 17:02:47', 'sravi07@yahoo.com'),
(43, 'William', 'https://picsum.photos/132', 'fyasu', '2024-04-13 17:02:47', 'admin@1shopbuy.com'),
(44, 'Jaxon', 'https://picsum.photos/133', '𝙊𝙛𝙛𝙞𝙘𝙞𝙖𝙡 𝙖𝙘𝙘𝙤𝙪𝙣𝙩', '2024-04-13 17:02:47', 'info@3coinsplus.com'),
(45, 'Aaron', 'https://picsum.photos/134', 'ytyftftyi', '2024-04-13 17:02:47', 'gazender.686@gmail.com'),
(46, 'Cameron', 'https://picsum.photos/135', 'uygdghfios', '2024-04-13 17:02:47', 'shyamsunder121@gmail.com'),
(47, 'Liam', 'https://picsum.photos/136', 'ygyugdysgc', '2024-04-13 17:02:47', 'wasif1@2dayenterprises.com'),
(48, 'George', 'https://picsum.photos/137', '𝙈𝙪𝙨𝙞𝙘 𝙡𝙤𝙫𝙚𝙧', '2024-04-13 17:02:47', 'as1mobiles@gmail.com'),
(49, 'Jamie', 'https://picsum.photos/138', 'ygsgsogt', '2024-04-13 17:02:47', 'pawan.modi1@gmail.com'),
(50, 'Callum', 'https://picsum.photos/139', '𝙎𝙥𝙤𝙧𝙩𝙨 𝙡𝙤𝙫𝙚𝙧', '2024-04-13 17:02:47', 'mail@3gmobileworld.in');

-- --------------------------------------------------------

--
-- Table structure for table `videos`
--

CREATE TABLE `videos` (
  `video_id` int(11) NOT NULL,
  `video_url` varchar(255) NOT NULL,
  `post_id` int(11) NOT NULL,
  `created_at` timestamp NOT NULL DEFAULT current_timestamp(),
  `size` float DEFAULT NULL CHECK (`size` < 10)
) ENGINE=InnoDB DEFAULT CHARSET=utf8mb4 COLLATE=utf8mb4_general_ci;

--
-- Dumping data for table `videos`
--

INSERT INTO `videos` (`video_id`, `video_url`, `post_id`, `created_at`, `size`) VALUES
(1, 'https://www.youtube.com/watch?v=1TKJvWbZErY', 1, '2024-04-13 17:02:57', 1),
(2, 'https://www.youtube.com/watch?v=dcgeBa78WE8', 2, '2024-04-13 17:02:57', 8),
(3, 'https://www.youtube.com/watch?v=vOfgVs6blGU', 3, '2024-04-13 17:02:57', 3),
(4, 'https://www.youtube.com/watch?v=gDGbwhoWRBQ', 4, '2024-04-13 17:02:57', 2),
(5, 'https://www.youtube.com/watch?v=UAj7FB-BFGg', 5, '2024-04-13 17:02:57', 1),
(6, 'https://www.youtube.com/watch?v=RzppsLjuSaI', 6, '2024-04-13 17:02:57', 3),
(7, 'https://www.youtube.com/watch?v=E1GLuxJ9mkU', 7, '2024-04-13 17:02:57', 3),
(8, 'https://www.youtube.com/watch?v=tjrFQQjTI6c', 8, '2024-04-13 17:02:57', 2),
(9, 'https://www.youtube.com/watch?v=IwNSd7m2HRg', 9, '2024-04-13 17:02:57', 7),
(10, 'https://www.youtube.com/watch?v=4javFbk9Kn8', 10, '2024-04-13 17:02:57', 9),
(11, 'https://www.youtube.com/watch?v=BuX7TQc4a0E', 11, '2024-04-13 17:02:57', 4),
(12, 'https://www.youtube.com/watch?v=4xx0YqaFalo', 12, '2024-04-13 17:02:57', 7),
(13, 'https://www.youtube.com/watch?v=n3LCQiuQn9o', 13, '2024-04-13 17:02:57', 2),
(14, 'https://www.youtube.com/watch?v=x9bmo0aPd0s', 14, '2024-04-13 17:02:57', 1),
(15, 'https://www.youtube.com/watch?v=UkTWeGJewTQ', 15, '2024-04-13 17:02:57', 1),
(16, 'https://www.youtube.com/watch?v=6GwUPaJh2Jg', 16, '2024-04-13 17:02:57', 9),
(17, 'https://www.youtube.com/watch?v=odHuMbTWIvU', 17, '2024-04-13 17:02:57', 4),
(18, 'https://www.youtube.com/watch?v=XxvEchaofrs', 18, '2024-04-13 17:02:57', 8),
(19, 'https://www.youtube.com/watch?v=3ZvSg5aU23E', 19, '2024-04-13 17:02:57', 6),
(20, 'https://www.youtube.com/watch?v=yBJM2RbLefA', 20, '2024-04-13 17:02:57', 5),
(21, 'https://www.youtube.com/watch?v=q6wb-EWR_lM', 21, '2024-04-13 17:02:57', 6),
(22, 'https://www.youtube.com/watch?v=PcCDzONDVsA', 22, '2024-04-13 17:02:57', 1),
(23, 'https://www.youtube.com/watch?v=2ne9HcY53AY', 23, '2024-04-13 17:02:57', 8),
(24, 'https://www.youtube.com/watch?v=OJeynsIPj9I', 24, '2024-04-13 17:02:57', 9),
(25, 'https://www.youtube.com/watch?v=kRGjTgObzX0', 25, '2024-04-13 17:02:57', 4),
(26, 'https://www.youtube.com/watch?v=btWZo8gUv-o', 51, '2024-04-13 17:02:57', 3),
(27, 'https://www.youtube.com/watch?v=7j338SJZjoM', 52, '2024-04-13 17:02:57', 4),
(28, 'https://www.youtube.com/watch?v=fidBadXy1dw', 53, '2024-04-13 17:02:57', 5),
(29, 'https://www.youtube.com/watch?v=1iem1pT2MkQ', 54, '2024-04-13 17:02:57', 7),
(30, 'https://www.youtube.com/watch?v=4N0ew6JMlss', 55, '2024-04-13 17:02:57', 4),
(31, 'https://www.youtube.com/watch?v=GXCdTSGNcOc', 56, '2024-04-13 17:02:57', 6),
(32, 'https://www.youtube.com/watch?v=JFoJCMXzLLw', 57, '2024-04-13 17:02:57', 4),
(33, 'https://www.youtube.com/watch?v=V-egEzLjnhc', 58, '2024-04-13 17:02:57', 5),
(34, 'https://www.youtube.com/watch?v=6B5UK2GC3gY', 59, '2024-04-13 17:02:57', 2),
(35, 'https://www.youtube.com/watch?v=MVRRN6TABcs', 60, '2024-04-13 17:02:57', 2),
(36, 'https://www.youtube.com/watch?v=1ABkmrZxQkQ', 61, '2024-04-13 17:02:57', 5),
(37, 'https://www.youtube.com/watch?v=cUz49dk86m8', 62, '2024-04-13 17:02:57', 9),
(38, 'https://www.youtube.com/watch?v=36BiplVD_Ng', 63, '2024-04-13 17:02:57', 7),
(39, 'https://www.youtube.com/watch?v=EoGYHDqbabw', 64, '2024-04-13 17:02:57', 9),
(40, 'https://www.youtube.com/watch?v=i1CmuuabIok', 65, '2024-04-13 17:02:57', 5),
(41, 'https://www.youtube.com/watch?v=gurapeu6PBk', 66, '2024-04-13 17:02:57', 9),
(42, 'https://www.youtube.com/watch?v=coHgDPBMLKg', 67, '2024-04-13 17:02:57', 7),
(43, 'https://www.youtube.com/watch?v=racdVMrEghs', 68, '2024-04-13 17:02:57', 6),
(44, 'https://www.youtube.com/watch?v=FKtbZtI0VJ0', 69, '2024-04-13 17:02:57', 9),
(45, 'https://www.youtube.com/watch?v=bWqt7op1VpI', 70, '2024-04-13 17:02:57', 2),
(46, 'https://www.youtube.com/watch?v=V_wXW4J73os', 71, '2024-04-13 17:02:57', 7),
(47, 'https://www.youtube.com/watch?v=sHg9e9a_cYM', 72, '2024-04-13 17:02:57', 8),
(48, 'https://www.youtube.com/watch?v=oaJJvO8Tte8', 73, '2024-04-13 17:02:57', 1),
(49, 'https://www.youtube.com/watch?v=ancKcoTvdYY', 74, '2024-04-13 17:02:57', 3),
(50, 'https://www.youtube.com/watch?v=n6kEYFPvtBY', 75, '2024-04-13 17:02:57', 8);

--
-- Indexes for dumped tables
--

--
-- Indexes for table `bookmarks`
--
ALTER TABLE `bookmarks`
  ADD PRIMARY KEY (`user_id`,`post_id`),
  ADD KEY `post_id` (`post_id`);

--
-- Indexes for table `comments`
--
ALTER TABLE `comments`
  ADD PRIMARY KEY (`comment_id`),
  ADD KEY `post_id` (`post_id`),
  ADD KEY `user_id` (`user_id`);

--
-- Indexes for table `comment_likes`
--
ALTER TABLE `comment_likes`
  ADD PRIMARY KEY (`user_id`,`comment_id`),
  ADD KEY `comment_id` (`comment_id`);

--
-- Indexes for table `follows`
--
ALTER TABLE `follows`
  ADD PRIMARY KEY (`follower_id`,`followee_id`),
  ADD KEY `followee_id` (`followee_id`);

--
-- Indexes for table `hashtags`
--
ALTER TABLE `hashtags`
  ADD PRIMARY KEY (`hashtag_id`),
  ADD UNIQUE KEY `hashtag_name` (`hashtag_name`);

--
-- Indexes for table `hashtag_follow`
--
ALTER TABLE `hashtag_follow`
  ADD PRIMARY KEY (`user_id`,`hashtag_id`),
  ADD KEY `hashtag_id` (`hashtag_id`);

--
-- Indexes for table `login`
--
ALTER TABLE `login`
  ADD PRIMARY KEY (`login_id`),
  ADD KEY `user_id` (`user_id`);

--
-- Indexes for table `photos`
--
ALTER TABLE `photos`
  ADD PRIMARY KEY (`photo_id`),
  ADD UNIQUE KEY `photo_url` (`photo_url`);

--
-- Indexes for table `post`
--
ALTER TABLE `post`
  ADD PRIMARY KEY (`post_id`),
  ADD KEY `user_id` (`user_id`),
  ADD KEY `photo_id` (`photo_id`),
  ADD KEY `video_id` (`video_id`);

--
-- Indexes for table `post_likes`
--
ALTER TABLE `post_likes`
  ADD PRIMARY KEY (`user_id`,`post_id`),
  ADD KEY `post_id` (`post_id`);

--
-- Indexes for table `post_tags`
--
ALTER TABLE `post_tags`
  ADD PRIMARY KEY (`post_id`,`hashtag_id`),
  ADD KEY `hashtag_id` (`hashtag_id`);

--
-- Indexes for table `users`
--
ALTER TABLE `users`
  ADD PRIMARY KEY (`user_id`),
  ADD UNIQUE KEY `username` (`username`);

--
-- Indexes for table `videos`
--
ALTER TABLE `videos`
  ADD PRIMARY KEY (`video_id`),
  ADD UNIQUE KEY `video_url` (`video_url`);

--
-- AUTO_INCREMENT for dumped tables
--

--
-- AUTO_INCREMENT for table `comments`
--
ALTER TABLE `comments`
  MODIFY `comment_id` int(11) NOT NULL AUTO_INCREMENT, AUTO_INCREMENT=200;

--
-- AUTO_INCREMENT for table `hashtags`
--
ALTER TABLE `hashtags`
  MODIFY `hashtag_id` int(11) NOT NULL AUTO_INCREMENT, AUTO_INCREMENT=32;

--
-- AUTO_INCREMENT for table `login`
--
ALTER TABLE `login`
  MODIFY `login_id` int(11) NOT NULL AUTO_INCREMENT, AUTO_INCREMENT=101;

--
-- AUTO_INCREMENT for table `photos`
--
ALTER TABLE `photos`
  MODIFY `photo_id` int(11) NOT NULL AUTO_INCREMENT, AUTO_INCREMENT=51;

--
-- AUTO_INCREMENT for table `post`
--
ALTER TABLE `post`
  MODIFY `post_id` int(11) NOT NULL AUTO_INCREMENT, AUTO_INCREMENT=101;

--
-- AUTO_INCREMENT for table `users`
--
ALTER TABLE `users`
  MODIFY `user_id` int(11) NOT NULL AUTO_INCREMENT, AUTO_INCREMENT=51;

--
-- AUTO_INCREMENT for table `videos`
--
ALTER TABLE `videos`
  MODIFY `video_id` int(11) NOT NULL AUTO_INCREMENT, AUTO_INCREMENT=51;

--
-- Constraints for dumped tables
--

--
-- Constraints for table `bookmarks`
--
ALTER TABLE `bookmarks`
  ADD CONSTRAINT `bookmarks_ibfk_1` FOREIGN KEY (`post_id`) REFERENCES `post` (`post_id`),
  ADD CONSTRAINT `bookmarks_ibfk_2` FOREIGN KEY (`user_id`) REFERENCES `users` (`user_id`);

--
-- Constraints for table `comments`
--
ALTER TABLE `comments`
  ADD CONSTRAINT `comments_ibfk_1` FOREIGN KEY (`post_id`) REFERENCES `post` (`post_id`),
  ADD CONSTRAINT `comments_ibfk_2` FOREIGN KEY (`user_id`) REFERENCES `users` (`user_id`);

--
-- Constraints for table `comment_likes`
--
ALTER TABLE `comment_likes`
  ADD CONSTRAINT `comment_likes_ibfk_1` FOREIGN KEY (`user_id`) REFERENCES `users` (`user_id`),
  ADD CONSTRAINT `comment_likes_ibfk_2` FOREIGN KEY (`comment_id`) REFERENCES `comments` (`comment_id`);

--
-- Constraints for table `follows`
--
ALTER TABLE `follows`
  ADD CONSTRAINT `follows_ibfk_1` FOREIGN KEY (`follower_id`) REFERENCES `users` (`user_id`),
  ADD CONSTRAINT `follows_ibfk_2` FOREIGN KEY (`followee_id`) REFERENCES `users` (`user_id`);

--
-- Constraints for table `hashtag_follow`
--
ALTER TABLE `hashtag_follow`
  ADD CONSTRAINT `hashtag_follow_ibfk_1` FOREIGN KEY (`user_id`) REFERENCES `users` (`user_id`),
  ADD CONSTRAINT `hashtag_follow_ibfk_2` FOREIGN KEY (`hashtag_id`) REFERENCES `hashtags` (`hashtag_id`);

--
-- Constraints for table `login`
--
ALTER TABLE `login`
  ADD CONSTRAINT `login_ibfk_1` FOREIGN KEY (`user_id`) REFERENCES `users` (`user_id`);

--
-- Constraints for table `post`
--
ALTER TABLE `post`
  ADD CONSTRAINT `post_ibfk_1` FOREIGN KEY (`user_id`) REFERENCES `users` (`user_id`),
  ADD CONSTRAINT `post_ibfk_2` FOREIGN KEY (`photo_id`) REFERENCES `photos` (`photo_id`),
  ADD CONSTRAINT `post_ibfk_3` FOREIGN KEY (`video_id`) REFERENCES `videos` (`video_id`);

--
-- Constraints for table `post_likes`
--
ALTER TABLE `post_likes`
  ADD CONSTRAINT `post_likes_ibfk_1` FOREIGN KEY (`user_id`) REFERENCES `users` (`user_id`),
  ADD CONSTRAINT `post_likes_ibfk_2` FOREIGN KEY (`post_id`) REFERENCES `post` (`post_id`);

--
-- Constraints for table `post_tags`
--
ALTER TABLE `post_tags`
  ADD CONSTRAINT `post_tags_ibfk_1` FOREIGN KEY (`post_id`) REFERENCES `post` (`post_id`),
  ADD CONSTRAINT `post_tags_ibfk_2` FOREIGN KEY (`hashtag_id`) REFERENCES `hashtags` (`hashtag_id`);
COMMIT;

/*!40101 SET CHARACTER_SET_CLIENT=@OLD_CHARACTER_SET_CLIENT */;
/*!40101 SET CHARACTER_SET_RESULTS=@OLD_CHARACTER_SET_RESULTS */;
/*!40101 SET COLLATION_CONNECTION=@OLD_COLLATION_CONNECTION */;
